Time,x,y,z,w
2133645937.3184602,0.3077541033451502,0.37518633693664444,0.33626145771747784,0.3598784240604308
2133645937.3583877,0.29094020739670845,0.3741612977948958,0.3204096578673405,0.3598258647349143
2133645937.3986547,0.25782620700021197,0.3703656350646525,0.30456884022405983,0.3597261974605332
2133645937.4385788,0.25782620700021197,0.3703656350646525,0.2887274013490002,0.35956871726712125
2133645937.478545,0.22575739321220278,0.3664178776023343,0.2728885434927073,0.35933764843758387
2133645937.5182917,0.2149946891371708,0.3649445960371537,0.25704712927323464,0.359011359068137
2133645937.5584893,0.2149946891371708,0.3649445960371537,0.24120333013316667,0.35856161648422413
2133645937.598384,0.19995410697684746,0.36211498524009716,0.2253642778008233,0.35795252892421325
2133645937.6387188,0.1754304454514648,0.35724758769505344,0.20953451919049323,0.3571385924042933
2133645937.6794126,0.15844075977417515,0.3517266538255604,0.19372987542251502,0.3560635467402254
2133645937.7189853,0.15162588723907366,0.3492438529165749,0.17794608154956548,0.354656036240021
2133645937.759021,0.1333493195379606,0.3443942007122511,0.1622073159747075,0.3528299099906475
2133645937.799115,0.12043749071168686,0.3386970028883372,0.14653668381792267,0.35047824509653164
2133645937.8391745,0.10212701015084291,0.32870454951543765,0.1309825537943067,0.347471733787892
2133645937.8787677,0.08381925576968974,0.31631544359767955,0.11560367133211352,0.3436508154348999
2133645937.9193478,0.0666598807205534,0.3038499366325405,0.1005122029585201,0.33883090576671293
2133645937.959416,0.05629442231876358,0.29534061458867583,0.08586209920345673,0.3328029690128244
2133645937.9990618,0.05629442231876358,0.29534061458867583,0.07187286579963201,0.32535672601034804
2133645938.0392463,0.050862632064677005,0.2946744851814018,0.0588477115981052,0.31634117080814533
2133645938.0791304,0.04255762432881183,0.2834516230865244,0.047097565336910785,0.3057126726793125
2133645938.119393,0.03273071232613134,0.26746573689788883,0.03688251116704945,0.293598005419851
2133645938.1589677,0.024642427267304923,0.25769358939236914,0.02831914328157408,0.2802667785411698
2133645938.1996665,0.019191360729647222,0.24565040340202615,0.021355650702137807,0.26603162271050396
2133645938.23931,0.014483410223737891,0.2324975805060442,0.01583009947772953,0.2511825556187744
2133645938.280161,0.0025482945431434256,0.20280713821841678,0.011528060430976999,0.23593607076582399
2133645938.3192198,0.0025482945431434256,0.20280713821841678,0.008232410442940154,0.2204350293509259
2133645938.359437,-0.0029838115135006893,0.1733122668970325,0.005750623354030196,0.204787740829588
2133645938.3989675,-0.005084070364661519,0.1630935219213977,0.0039141590478240455,0.18905017857556783
2133645938.438916,-0.005084070364661519,0.1630935219213977,0.0025829431387501887,0.17326274112279244
2133645938.4791472,-0.00599614669853632,0.14745349554800968,0.0016406125060899573,0.1574443248418768
2133645938.520439,-0.006586057980445648,0.12389890328418307,0.0009932196304838087,0.14161110336382832
2133645938.5590758,-0.006993913126354445,0.10352876791371124,0.0005655118037789051,0.12576840406459186
2133645938.5991874,-0.006465967418827434,0.09516394313519361,0.00029749424656878214,0.10992993444083377
2133645938.6395707,-0.00521859155687876,0.07833555266277159,0.00014079253349814615,0.09408343429775988
2133645938.6792164,-0.006290583844086983,0.06038828348437586,5.7636936935111244e-05,0.0782419721785904
2133645938.7192898,-0.004523878136671766,0.03499260106249169,1.9101661633573764e-05,0.062399379202749176
2133645938.7592545,-0.004523878136671766,0.03499260106249169,4.531739681493255e-06,0.04655485716585749
2133645938.7992117,-0.0005652975142833583,0.013093980308148012,5.841234152579389e-07,0.030712470275553988
2133645938.8389933,0.00043521761322939945,-0.003948687011046281,1.670349051010744e-08,0.0148664104061654
2133645938.8788826,0.00043521761322939945,-0.003948687011046281,-2.0756441413393004e-15,-0.0009785928760059548
2133645938.9195523,0.0034566306967142024,-0.03697774747272503,-5.190565903583433e-08,-0.01682556400658492
2133645938.959049,0.00439843985092625,-0.06020332001365586,-1.4855367101053575e-06,-0.03266869641706439
2133645938.9989169,0.004747426522244025,-0.08598904724308082,-1.0585327190817782e-05,-0.04851663329127507
2133645939.0390823,0.004866106176694696,-0.0918794338428005,-4.21360721522899e-05,-0.06435953659788061
2133645939.0797062,0.004336733947602367,-0.10694651250721476,-0.00012156169998980421,-0.08020733840012247
2133645939.1197119,0.002947090191942059,-0.1233402242850748,-0.0002857223753293162,-0.09605516339567938
2133645939.160727,0.0010919835694098712,-0.1694319138349079,-0.000582896119413388,-0.1118931554330638
2133645939.1993394,0.004310589609763604,-0.14609974484367483,-0.0010733460340141237,-0.12772863741322618
2133645939.2390847,-0.0049391285711297694,-0.19978910751504692,-0.0018294646386723427,-0.14355257141901856
2133645939.279206,-0.008978158287658244,-0.21382243670628098,-0.0029379388449302423,-0.1593602406070698
2133645939.319659,-0.003914103320694973,-0.19748019558176388,-0.004501697900504545,-0.17513264647541923
2133645939.3593574,-0.00935640721646791,-0.21153176453553152,-0.0066429952703992694,-0.19083512424732643
2133645939.399335,-0.018111835104864693,-0.2301809841385033,-0.009506059120687417,-0.2064167140492977
2133645939.4392211,-0.03066334556828343,-0.2585874285960752,-0.013258006415499261,-0.2218120908855863
2133645939.479275,-0.034722441988349284,-0.2640879047877657,-0.018076381591855383,-0.23690464903334885
2133645939.518989,-0.04352576178811518,-0.2748302595388448,-0.024138731814499097,-0.251542458455697
2133645939.559316,-0.03426202724690941,-0.27558698054482633,-0.031589972032454935,-0.26552133350763485
2133645939.5989645,-0.04506766730050871,-0.28566661829013257,-0.040510523412336415,-0.27861412039855243
2133645939.6392546,-0.04506766730050871,-0.28566661829013257,-0.0508752381419855,-0.29059489803039623
2133645939.6798522,-0.07077669437678852,-0.3109855119858772,-0.06255341529254596,-0.30130089126074755
2133645939.7194133,-0.08370051016888957,-0.3186520350919827,-0.07533926261931449,-0.3106660398765824
2133645939.75924,-0.08370051016888957,-0.3186520350919827,-0.08898729827802437,-0.31871406031008304
2133645939.7994912,-0.09761674601118586,-0.32581919170252427,-0.10328772240839662,-0.32555290184295976
2133645939.8393905,-0.12651288187173987,-0.3436679702115688,-0.11805517998949397,-0.3313184181251856
2133645939.879039,-0.15059554200961367,-0.35126968334090014,-0.1331389427666304,-0.3361547744481294
2133645939.919036,-0.1589039317969388,-0.3537108854330776,-0.14845593939653118,-0.3402084234199502
2133645939.9590065,-0.15225058040851397,-0.35552654459635463,-0.16394299237968324,-0.34360454557785064
2133645939.9994953,-0.18579618633961825,-0.3634891837305132,-0.17953530396165762,-0.3464455169109517
2133645940.0395596,-0.21182207006306214,-0.36748263041191276,-0.19521405896534724,-0.3488230470703328
2133645940.079396,-0.2121811960122525,-0.368446335472551,-0.21092950029670793,-0.3508077560135463
2133645940.1191998,-0.24412786347375276,-0.3721626212313265,-0.2266910795884024,-0.35246519750011623
2133645940.1601126,-0.26218107177372774,-0.37359474987868696,-0.2424870954039617,-0.35384672747411694
2133645940.1989987,-0.2743010609674869,-0.3777038235387592,-0.2582969357752842,-0.3549947637555697
2133645940.2396214,-0.28558017684846004,-0.37828781729505323,-0.27410947719708534,-0.3559459655221289
2133645940.2791665,-0.3124065668307606,-0.3790620573308189,-0.28994759527102537,-0.35673293682352697
2133645940.3194568,-0.33906745400607874,-0.3793526967677109,-0.30579370141565804,-0.3573810528055072
2133645940.3642154,-0.3327020027383327,-0.3820044539310322,-0.3216337377490166,-0.35791232759327507
2133645940.3988526,-0.36603342945956163,-0.38132108007245824,-0.3374851468839184,-0.35834644444118313
2133645940.439325,-0.36603342945956163,-0.38132108007245824,-0.35334288894955157,-0.3586993435487535
2133645940.479179,-0.4008357589591709,-0.3823926071725401,-0.3692044930755195,-0.35898465557483683
2133645940.5194476,-0.42046972791460485,-0.3819504991711162,-0.38506990399661695,-0.3592139787466623
2133645940.5589585,-0.44632705098362824,-0.38100395607842397,-0.40094141246077214,-0.35939713544191454
2133645940.5992126,-0.4655434159549454,-0.3812294483077949,-0.4167894758988499,-0.35954212947375885
2133645940.6390674,-0.4823600679520574,-0.3802501576140913,-0.432652876387145,-0.3596562934696246
2133645940.6794753,-0.5065255797981844,-0.37871450116234395,-0.44850445313268883,-0.35974523260119917
2133645940.7194738,-0.5193283971867273,-0.37738623998077114,-0.4643525504355732,-0.3598138743184257
2133645940.7596586,-0.545648170256809,-0.3747109242097926,-0.4802082207883696,-0.35986628569736484
2133645940.7993321,-0.545648170256809,-0.3747109242097926,-0.4960854335988172,-0.35990580914374865
2133645940.8390572,-0.5628213221898791,-0.373604127516665,-0.5119593883140633,-0.3599351136741957
2133645940.8788767,-0.5831674308485822,-0.37103846282862496,-0.5278031675050211,-0.35995642898825636
2133645940.9190986,-0.6013255579826798,-0.3677139788850202,-0.5436771064166422,-0.3599716682103121
2133645940.960271,-0.6070703715094995,-0.36641644440848775,-0.5595586084686568,-0.35998227055288345
2133645941.0002103,-0.6168315599885575,-0.36413465676713247,-0.5754232990363285,-0.3599894104740917
2133645941.0391538,-0.6324268818634052,-0.35928330802225794,-0.5912940389351584,-0.3599940424834905
2133645941.0794868,-0.6324268818634052,-0.35928330802225794,-0.6071474401995957,-0.359996897201376
2133645941.1197352,-0.648454904585041,-0.350400843402519,-0.6230105105199756,-0.35999854669158854
2133645941.1593192,-0.648454904585041,-0.350400843402519,-0.6388613672550847,-0.3599994147237617
2133645941.199676,-0.656574623876856,-0.345259451063833,-0.6547317346399748,-0.3599998141177225
2133645941.2396533,-0.678248507755137,-0.3334483518775863,-0.6706017222160565,-0.35999996117942995
2133645941.27897,-0.6879174042674573,-0.32319723724646887,-0.6864503075387786,-0.3599999968705538
2133645941.3192403,-0.694174226164961,-0.31533237193746944,-0.7023149246084237,-0.3599999999986894
2133645941.3593485,-0.6887281275015882,-0.32066675664094757,-0.705,-0.36
2133645941.3995018,-0.7013880962176823,-0.29985905908385263,-0.7049999999989197,-0.34415376773374595
2133645941.4393718,-0.7013880962176823,-0.29985905908385263,-0.7049999999614783,-0.32826549788107373
2133645941.479757,-0.7070510722901415,-0.28167880819937685,-0.7049999996746656,-0.31238849362502746
2133645941.5190883,-0.7070510722901415,-0.28167880819937685,-0.7049999984726175,-0.2965267076649556
2133645941.5596254,-0.709610926183294,-0.2696769183593452,-0.7049999947785194,-0.2806447256176456
2133645941.6006212,-0.7129013709922294,-0.2506266888646762,-0.7049999854271451,-0.264803538249447
2133645941.6394982,-0.7177108001851187,-0.22843568491699445,-0.7049999644636513,-0.24893927942887567
2133645941.679404,-0.7182314618819872,-0.22085833008867528,-0.7049999215106973,-0.233082700755593
2133645941.721256,-0.7191120267276598,-0.20543345305843147,-0.7049998390286213,-0.21722983338494964
2133645941.7605267,-0.7208632122223311,-0.17811877473034055,-0.7049996882954644,-0.2013846223132485
2133645941.7995718,-0.7208632122223311,-0.17811877473034055,-0.7049994226911621,-0.18552513579898974
2133645941.8394248,-0.7203091905183514,-0.14505421055794687,-0.7049989689928643,-0.16967141688677356
2133645941.8795085,-0.7234588239375583,-0.1458860406871899,-0.7049982120744623,-0.1538168421928726
2133645941.9189374,-0.7231542495676913,-0.12638408017774577,-0.7049969735909131,-0.13796103194284995
2133645941.959171,-0.7226004021955307,-0.10098557775867378,-0.704994980111338,-0.1221064457116208
2133645941.9992032,-0.7227916622643902,-0.0983235380390689,-0.7049918164282584,-0.10625472527909957
2133645942.0389562,-0.7223296024706323,-0.08286859017820464,-0.704986857707614,-0.0904029452006016
2133645942.079037,-0.7213974640016438,-0.05677915649431098,-0.7049791839589679,-0.07456061276340721
2133645942.1193893,-0.7207469925971545,0.0029677703680666134,-0.7049674314675972,-0.058701626718102286
2133645942.159112,-0.7195644300974504,0.032579281552621464,-0.7049497025670208,-0.04286019723304976
2133645942.2033782,-0.7195644300974504,0.032579281552621464,-0.7049232848199655,-0.027006765244347676
2133645942.2422082,-0.7186370677167744,0.05024902570949563,-0.7048845706079336,-0.011161337313380657
2133645942.2790105,-0.7179786821266445,0.0334593367303857,-0.7048287700390434,0.004678700887765753
2133645942.3196743,-0.7162626011354412,0.056120110757905795,-0.7047496448865871,0.020527801164461484
2133645942.3594563,-0.7156569525569711,0.06338231555105545,-0.704639460351084,0.0363724527162047
2133645942.3997486,-0.7121508251014917,0.0719099962503913,-0.7044884343252781,0.05222414914345238
2133645942.4406507,-0.7096417268577575,0.09392638103697237,-0.7042847678028201,0.06806669254631324
2133645942.479345,-0.7096417268577575,0.09392638103697237,-0.7040136157514028,0.08391024742503898
2133645942.5193596,-0.7116732490230209,0.11330318373316872,-0.7036569069037827,0.09974751973987517
2133645942.5589752,-0.7116732490230209,0.11330318373316872,-0.7031919967799616,0.11558471584216382
2133645942.5990381,-0.7094983499779313,0.12871306493516044,-0.702591324386554,0.13141721379872523
2133645942.6392477,-0.7003445141154191,0.15270560352387874,-0.7018213055686943,0.14724229271069933
2133645942.6793473,-0.6958193065964963,0.1742151221385253,-0.7008412204919118,0.1630565397944497
2133645942.7195213,-0.6937014984026998,0.18222609528102862,-0.6996017623386318,0.17885292544253567
2133645942.759605,-0.6885384323387244,0.19913339040119116,-0.6980431919976484,0.19461737575864937
2133645942.7996552,-0.6804428126654959,0.2226950735832166,-0.6960900445983544,0.2103464600846858
2133645942.8395638,-0.6804428126654959,0.2226950735832166,-0.693650904047675,0.2260063329656959
2133645942.879494,-0.6676950320235128,0.25184703200443603,-0.6906097756228543,0.24155821060594523
2133645942.9196162,-0.6727150354199593,0.2522960364640079,-0.6868185439500498,0.2569450546897581
2133645942.9598715,-0.6669511075336202,0.2628559859786549,-0.6820911621669045,0.27206761540182256
2133645942.9989173,-0.6549454497498826,0.2823490814066971,-0.6761968476140696,0.28677206723680004
2133645943.038973,-0.6332333172550235,0.3091180489215285,-0.6688674202192367,0.3008217046646441
2133645943.079843,-0.6280552547935709,0.3145956991934741,-0.6598571536154035,0.3138523705013908
2133645943.1191142,-0.6171386650775549,0.3251670537529716,-0.6490348116485589,0.3254256725317064
2133645943.1593547,-0.6153570886207577,0.32795840946858734,-0.6365117673513482,0.33513088818634884
2133645943.1991005,-0.6153570886207577,0.32795840946858734,-0.6226361289246446,0.34277998605250576
2133645943.2391386,-0.5861011550313886,0.34998885384899137,-0.6078532015653672,0.3484786265151859
2133645943.2794676,-0.5689027298517657,0.3637841232298934,-0.5925373447410418,0.3525374654359542
2133645943.319244,-0.5689027298517657,0.3637841232298934,-0.5769393303642416,0.3553253835131868
2133645943.3597488,-0.5617063515878012,0.3665270034233805,-0.5612056401304407,0.3571799179217545
2133645943.3995128,-0.5218771782788246,0.3791541216182436,-0.5454073297985663,0.35837538345720554
2133645943.4388921,-0.5040539402254937,0.38218791797407103,-0.5295840168638807,0.35911778517173226
2133645943.4798367,-0.49570624819963255,0.38317581978304416,-0.5137499587030343,0.3595566810937634
2133645943.5189152,-0.4789385991648444,0.3847899213992261,-0.49790856874741013,0.3597992704947588
2133645943.5589726,-0.45618663382381,0.3893037495431343,-0.4820651406096933,0.35992134721300606
2133645943.5999084,-0.45618663382381,0.3893037495431343,-0.4662222079366499,0.3599750664387844
2133645943.6394014,-0.431037813521206,0.3896014660815351,-0.4503814710076345,0.35999436506420046
2133645943.6795108,-0.3835438063664061,0.3924890482594685,-0.43453747424591355,0.35999931999068896
2133645943.7194865,-0.3835438063664061,0.3924890482594685,-0.41869497014228196,0.35999998321189347
2133645943.7594604,-0.3665402373622604,0.39148402807124993,-0.4028474037432572,0.35999999999993226
2133645943.7996993,-0.35701883778213717,0.3908785449058195,-0.38700370072583085,0.35999997163598196
2133645943.8390036,-0.3350557880897562,0.3884590463849432,-0.3711613256528291,0.3599992776188491
2133645943.879904,-0.3108916647952461,0.3852737437232744,-0.35531331034231767,0.35999507524094526
2133645943.9190829,-0.29635637808629695,0.3882893160580887,-0.33947200000133726,0.3599808626170081
2133645943.959171,-0.28688498584732336,0.38695612186076656,-0.32363126174521933,0.35994563276340374
2133645943.9992805,-0.2711121134498457,0.38414476959736754,-0.3077837952379837,0.35987350682397345
2133645944.0395257,-0.2711121134498457,0.38414476959736754,-0.2919388158321764,0.3597437880514919
2133645944.0793507,-0.2503857675037541,0.38408814605419417,-0.2760935408424931,0.35953086735178547
2133645944.1196961,-0.19815518453612085,0.3723039477450588,-0.26024885037778706,0.35920409622626026
2133645944.1595428,-0.19815518453612085,0.3723039477450588,-0.24440779115941016,0.3587272812007734
2133645944.1997874,-0.19476418528178374,0.3703534712333443,-0.22857474454363275,0.35805762657924717
2133645944.239459,-0.1839475396975767,0.36679030251897526,-0.21275561049410457,0.3571440068996318
2133645944.2795644,-0.16310147622204157,0.3586553600369764,-0.19695773170685413,0.35592532197846
2133645944.3194609,-0.1182080146293446,0.3488789970331946,-0.18118913617601956,0.3543292087378474
2133645944.3595726,-0.09813417893965537,0.3402005654007655,-0.16547961526591098,0.3522726509506367
2133645944.3988233,-0.07299360040415559,0.3265762865605516,-0.1498531360203637,0.3496565316851554
2133645944.438983,-0.10851514225519338,0.3365101164345641,-0.1343522420574768,0.3463645106385753
2133645944.4796972,-0.09738376149019012,0.3294470429632279,-0.11905183720707564,0.3422633743769903
2133645944.5194194,-0.0869898755898606,0.32174220864940395,-0.10403556358611067,0.33719412880397637
2133645944.5595715,-0.07006401192142164,0.3073209308689391,-0.0894522690423459,0.330989244020847
2133645944.5989885,-0.060993226027244996,0.2966361428552331,-0.07549753493701404,0.3234821166759005
2133645944.6392536,-0.05702757044597728,0.29163198198581597,-0.06241675027386449,0.31453925606614974
2133645944.6798906,-0.049192299736682044,0.2810259019312279,-0.05048479033971025,0.3041103036183656
2133645944.7190266,-0.03666189904491024,0.26996897416479837,-0.039948263600872426,0.29227291381151554
2133645944.7592094,-0.03666189904491024,0.26996897416479837,-0.030955181565609315,0.27923009461013704
2133645944.7994974,-0.027647455235746965,0.2514794014115841,-0.02351271644826865,0.2652408472608818
2133645944.8393886,-0.013176015289560694,0.2156920136738274,-0.017520287357843795,0.25057686481612723
2133645944.879006,-0.013176015289560694,0.2156920136738274,-0.012802055005712337,0.2354536626287708
2133645944.919248,-0.00910302942226926,0.2010865349245956,-0.00916042739078626,0.22003188764307194
2133645944.9601243,-0.008484074299204059,0.19146202006451263,-0.006404394341987331,0.20442874647253734
2133645944.9991312,-0.0020538247686716637,0.15789393660926654,-0.004359518869867224,0.1887134734696219
2133645945.0387964,0.0006927734488993975,0.1345113117694685,-0.002876142656593761,0.17294232978548818
2133645945.0791404,0.007605966095810213,0.07031669036624533,-0.001825806520950997,0.15713333299493548
2133645945.1202264,0.007891168799719406,0.057342115524970705,-0.001104242150959688,0.14130212964682998
2133645945.1590767,0.008064295892305617,0.04111607254568728,-0.0006279485889889234,0.12546271287122193
2133645945.1989293,0.003701844758023709,0.08569513253770478,-0.0003296904563939653,0.10962044782020731
2133645945.2397275,0.003704316492923465,0.06662134472558545,-0.00015562000381488063,0.09377325897626482
2133645945.2793849,0.0029610918405165165,0.046395505766735345,-6.34386124519194e-05,0.07792867372571041
2133645945.319158,0.001395402521861211,0.026295909371039317,-2.087729748952476e-05,0.062085899364528865
2133645945.3595083,0.004663846682747108,0.037243495299578155,-4.886301757968644e-06,0.04624408831076501
2133645945.399271,0.003606793705605127,0.02284954633257008,-6.094839970274065e-07,0.030402725747078616
2133645945.4398246,0.0023984571089563644,0.008053130574196876,-1.5473228429118623e-08,0.014555335789497434
2133645945.4794044,-0.0010935030048212502,-0.008012090216026335,8.178859801739632e-14,-0.0012908483575424091
2133645945.5192695,-0.0022910664540387593,-0.02654830155098109,3.356879411687973e-08,-0.01713414532231236
2133645945.5592089,-0.003867659353310904,-0.05935746003117892,8.777858868084704e-07,-0.03298043199872609
2133645945.5994585,-0.005306258628362315,-0.05880227598435689,6.138239771671783e-06,-0.048821055119619525
2133645945.6390445,-0.005551133997715008,-0.06998613751634392,2.449912004946813e-05,-0.0646686504176204
2133645945.6792223,-0.005362892400822994,-0.08730035431885752,7.143510512588481e-05,-0.0805129717687404
2133645945.7197113,-0.0018473775656230318,-0.10937672200024273,0.00017049278628648837,-0.09636043428730479
2133645945.759021,-0.0010126892012513045,-0.12180676168174359,0.0003540673803362652,-0.11220041966316661
2133645945.7990863,0.0008291345623466784,-0.13877584069344345,0.0006645828589165272,-0.12803980420441194
2133645945.8396933,0.0033977006222954964,-0.1555601880387007,0.001155752531500481,-0.1438781910812141
2133645945.8792338,0.00504671537502388,-0.17943073695192646,0.0018945086007588828,-0.15970754036426416
2133645945.9193141,0.00504671537502388,-0.17943073695192646,0.0029646069383870376,-0.17551972912804895
2133645945.9600077,0.010860408849750036,-0.2036564928067649,0.004470211646001061,-0.1912957188879057
2133645945.999204,0.01709916501223452,-0.2371948440837367,0.006537810229334947,-0.20700509379243934
2133645946.039361,0.019937763150406185,-0.24450845753546996,0.009318223140171625,-0.22260519016603328
2133645946.079286,0.026162540664205647,-0.2589351304673134,0.012985720510927046,-0.2380214885840479
2133645946.1188314,0.03756634052393526,-0.2792967305798155,0.017734081042532046,-0.25313842479674153
2133645946.159886,0.04569450857929558,-0.2919027547566338,0.0237628545352704,-0.2677870672785702
2133645946.1997924,0.05510956479679219,-0.30301559461122474,0.03125447606593784,-0.2817503050203929
2133645946.2390656,0.04831797605155408,-0.3044222393392301,0.04031457557101147,-0.2947476992512971
2133645946.2791846,0.0687969933574214,-0.3238294120747,0.050935470528630275,-0.306508681207615
2133645946.3191888,0.0687969933574214,-0.3238294120747,0.062965092644512,-0.3168261399316
2133645946.3595932,0.08487817016633425,-0.33507596529779954,0.0761418169368277,-0.32562081797725917
2133645946.4002547,0.10088129930282508,-0.34232523809449156,0.09018727323214769,-0.332954576481117
2133645946.439374,0.10774659665512576,-0.3452910723757975,0.10484563218415026,-0.3389676269853944
2133645946.479939,0.12222785298735206,-0.35069613291153906,0.11992758167352491,-0.343838591663749
2133645946.5197554,0.13923401939337676,-0.35923095573086233,0.13528346700110058,-0.34774117628926765
2133645946.559313,0.16327303273647786,-0.3647139185470386,0.15081878224497863,-0.3508372896032905
2133645946.6006684,0.18833301578852224,-0.3692072428996448,0.16647658627674233,-0.35326806223007795
2133645946.6398263,0.18326193065280127,-0.3746371130821831,0.18221400958111553,-0.35515222062999197
2133645946.679419,0.20036317217972388,-0.3770900282842797,0.1979970285796481,-0.35659024689264507
2133645946.7190957,0.21768411190822767,-0.378885437134022,0.21380680407802571,-0.35766832069729654
2133645946.759737,0.23303930484544122,-0.3794125467538932,0.22962812856699236,-0.35845939509411734
2133645946.799908,0.2561443846887328,-0.38097806168140164,0.24545929897878574,-0.35902495193086215
2133645946.839268,0.28300786875947637,-0.3824286567691082,0.26130243529510877,-0.3594156338946598
2133645946.8805623,0.30492807065279437,-0.38064311078740354,0.27714397585759637,-0.35967324647815135
2133645946.9192514,0.3232185789678186,-0.38058895601239107,0.2929835680362489,-0.35983313736700545
2133645946.9590232,0.3413418326515767,-0.38033039890130715,0.30882500559889037,-0.3599246184571939
2133645946.999464,0.35000612386883156,-0.37671674641707203,0.32466843522474614,-0.35997135648248213
2133645947.0398233,0.35000612386883156,-0.37671674641707203,0.34051181523544305,-0.35999161827425497
2133645947.0791154,0.38808953726553574,-0.37502195522105036,0.35635962991127007,-0.35999842174603497
2133645947.120562,0.4133190054846906,-0.3731752413588026,0.37220435177068445,-0.3599998801211497
2133645947.159128,0.47541851044584493,-0.36665127657606345,0.3880481104371272,-0.35999999961839474
2133645947.1995523,0.49221562670031693,-0.36520541528168954,0.4038882249642744,-0.35999999912944475
2133645947.2394602,0.517057437290873,-0.3628352896782427,0.41973456610733106,-0.35999983279096187
2133645947.2796814,0.47715324574142304,-0.36702280330999754,0.4355801878485843,-0.35999793063598634
2133645947.3201296,0.49115637002283563,-0.3655251301953806,0.451423341632596,-0.3599889979263845
2133645947.3596988,0.5040240288754005,-0.3638480723962059,0.46726589585076306,-0.3599614640140704
2133645947.4000351,0.5122644562616065,-0.36318272183006833,0.48311223568803036,-0.35989476563090744
2133645947.4395947,0.5306372069782856,-0.3595605568155641,0.4989524173942221,-0.3597564291164692
2133645947.4795747,0.5488636757833067,-0.3547534188353791,0.5147925373381798,-0.3594982277175367
2133645947.5191677,0.5574913268617149,-0.3511194606334239,0.5306286234204849,-0.359051317903425
2133645947.559463,0.565274180223264,-0.34849902675352906,0.5464584235832994,-0.3583187365338027
2133645947.600251,0.57734468345679,-0.34381850252696683,0.5622596853115883,-0.35716537735596526
2133645947.6396189,0.5949549591666018,-0.33538490600119386,0.5780045238883169,-0.35540341667508424
2133645947.6798706,0.6088818220389952,-0.33294747243096945,0.593628250676385,-0.3527824312899885
2133645947.7202673,0.6200145285890447,-0.3256664894781164,0.6090084036347475,-0.34898366915507406
2133645947.761227,0.6307005876442342,-0.31766815937468007,0.6239190720490733,-0.343635088399108
2133645947.8004258,0.6825646105078406,-0.28899773472080725,0.6380029966901264,-0.3363730583211601
2133645947.8395443,0.6825646105078406,-0.28899773472080725,0.6507714638311514,-0.3269960581559492
2133645947.8794847,0.6874057995030899,-0.2844967182880993,0.6617827405073693,-0.31560189149357837
2133645947.919482,0.6786906139099247,-0.2861917514375141,0.6708284352671923,-0.302591915269724
2133645947.9601893,0.7008813492463645,-0.25460486543489996,0.6780069433731825,-0.2884657149575376
2133645947.9992645,0.7054727114657191,-0.24220767727998987,0.6835932433216305,-0.2736389131211879
2133645948.0391593,0.7041004088602514,-0.25138583064385345,0.6878962285745996,-0.25838695327065236
2133645948.081287,0.7074931833541871,-0.23779319057423243,0.6911857150521953,-0.2428859167144302
2133645948.1197958,0.7074931833541871,-0.23779319057423243,0.6936808390648708,-0.22724143897773103
2133645948.1601605,0.7164640832445437,-0.21568283982724962,0.6955554251599053,-0.21150863895226055
2133645948.199209,0.719880276052929,-0.19457261498856676,0.6969453545738592,-0.19572329303865738
2133645948.2393396,0.7203846580972401,-0.18655281740473395,0.6979582615540842,-0.17991422699860155
2133645948.2801878,0.7256483682922852,-0.16749969427631445,0.6986816131213267,-0.1640843562510752
2133645948.3195932,0.7278433128887292,-0.14341695077204697,0.699184629805104,-0.14825003023248365
2133645948.3592377,0.7280228679717899,-0.1254470870494766,0.6995228239047088,-0.1324069787112191
2133645948.4000344,0.7277854122709415,-0.10715483147822658,0.699739825253557,-0.11656789931561334
2133645948.439144,0.7295749546268467,-0.09791203833935336,0.6998708287243606,-0.10072022927474905
2133645948.4800029,0.7295749546268467,-0.09791203833935336,0.6999434805916684,-0.08487869646339638
2133645948.5200844,0.7277659073142266,-0.07020315165523705,0.6999793468188354,-0.06903291743640047
2133645948.5593715,0.7286915532285935,-0.029148562745909046,0.6999942628191553,-0.05318955700359335
2133645948.6003082,0.7279023260401498,-0.01979731433500842,0.6999990032511854,-0.03734677994128145
2133645948.639795,0.7262895109915842,-0.0008594551473577461,0.6999999361491893,-0.021503926905960837
2133645948.6806564,0.7252188936362124,0.030666945827160785,0.6999999999191527,-0.005656136928151532
2133645948.719315,0.7232140330034631,0.04902214139044625,0.6999999976551593,0.010185111915331418
2133645948.7601535,0.7210554879121825,0.06697288380559963,0.6999997464424922,0.02602663699325113
2133645948.800064,0.7239444601000904,0.08016791984802407,0.6999973049331248,0.041871409135214484
2133645948.8390253,0.7262423500550395,0.06359770624489613,0.6999868491598885,0.05771304581028326
2133645948.8794186,0.7198984324348803,0.1051156742896785,0.6999568181194352,0.07355622376087594
2133645948.9199922,0.7154648265933036,0.12904745863337386,0.6998885780700353,0.08939802095603855
2133645948.9591045,0.7135761302838741,0.12475631892261874,0.6997553939271179,0.10524384751891314
2133645948.9995236,0.7099179257298431,0.14034863138456521,0.6995217960286957,0.1210821797280718
2133645949.0395179,0.7038614627106504,0.1635022654912487,0.6991422072204815,0.1369195117162447
2133645949.0799327,0.6974377914678799,0.1812338824347468,0.6985594035124006,0.15275514442345817
2133645949.1193469,0.6923733153012946,0.19596493875621024,0.6977020756560763,0.16858020541529423
2133645949.159171,0.6865634985031152,0.21027045992835114,0.6964814477411131,0.18437560353022345
2133645949.1991801,0.6819133855459834,0.2177873720537885,0.6947864227852221,0.20012859899552699
2133645949.23906,0.6748048409593917,0.23408321530546516,0.6924825816955452,0.21580543054056386
2133645949.279972,0.6646152085122552,0.253678626074186,0.6894096954897544,0.23134929188909556
2133645949.319314,0.6625629202200997,0.26506546573062084,0.6853810923693198,0.24666925337230433
2133645949.359553,0.657636095262859,0.27186381911284996,0.6801837583777474,0.26163919858556656
2133645949.3999448,0.653420378656065,0.2776867502492234,0.6736031912025754,0.27605613053169314
2133645949.4400625,0.6188647110721298,0.319852226981744,0.6654613644555315,0.2896498133822855
2133645949.4789739,0.6322083255460288,0.3042710243361179,0.6556748865438629,0.30211217262776585
2133645949.5208478,0.5975621796503396,0.3381383700181062,0.6443186446304279,0.31315547069880684
2133645949.561417,0.5858638452955061,0.34584929511036105,0.6316102243892282,0.3226203212122575
2133645949.599648,0.5994139228604716,0.3305172526830487,0.6178606091176678,0.3305009258532135
2133645949.6397865,0.5925113763291083,0.33473084515777657,0.6033772082370592,0.3369243588809024
2133645949.6801324,0.5735766069666965,0.34353778742939106,0.5883961328743635,0.34208957234754717
2133645949.720509,0.5450905992946066,0.3562042312520067,0.573095895327391,0.34620266587791876
2133645949.7596238,0.538050516291921,0.3582917022374883,0.5575877536619437,0.3494559702866757
2133645949.7996366,0.5308048679629875,0.3603351512849114,0.5419482935365155,0.3520127386202666
2133645949.8397503,0.5151949651686005,0.36344228476055024,0.5262335498057538,0.35400807643643456
2133645949.8810747,0.4730557507598452,0.3714352827262698,0.5104621651956153,0.3555551611504393
2133645949.9189,0.4730557507598452,0.3714352827262698,0.49466327257724046,0.35674409739033436
2133645949.9595475,0.4666727756003688,0.36943057899840914,0.47884868837774214,0.35764945886063737
2133645949.999684,0.44220258727333395,0.3714248132958659,0.46301519758824217,0.3583321838692965
2133645950.0393927,0.43383413191050857,0.3718916898785515,0.44718239290445827,0.35884028309104654
2133645950.0794969,0.40976898180861765,0.3732920663731971,0.43133631095348823,0.35921300695280345
2133645950.1188757,0.39347792297087913,0.37393079991966327,0.41549100707081593,0.35948053837990096
2133645950.1592312,0.36800899428003575,0.3740933495546144,0.3996429639092985,0.35966670959965924
2133645950.199436,0.36800899428003575,0.3740933495546144,0.38379659500800567,0.35978933996352574
2133645950.2391727,0.31969860757833124,0.3750442069893483,0.36795339804443145,0.35986106687336106
2133645950.2794006,0.31969860757833124,0.3750442069893483,0.35211293128103033,0.3598897020972126
2133645950.3192916,0.3111413325483875,0.3749338722011033,0.33626145771747784,0.3598784240604308
2133645950.3593493,0.26505962285239226,0.3737932589806254,0.3204096578673405,0.3598258647349143
2133645950.399966,0.2407181270800084,0.3717824681955771,0.30456884022405983,0.3597261974605332
2133645950.4402432,0.23264249790377045,0.3708625695910164,0.2887274013490002,0.35956871726712125
2133645950.4796708,0.2381391086345429,0.3682280622294489,0.2728885434927073,0.35933764843758387
2133645950.5194795,0.22829468933975183,0.3665830591257087,0.25704712927323464,0.359011359068137
2133645950.559657,0.20726922675379278,0.36203937149924137,0.24120333013316667,0.35856161648422413
2133645950.5998852,0.19441074993804985,0.3604190740300346,0.2253642778008233,0.35795252892421325
2133645950.6392908,0.16672390313705554,0.352852846987018,0.20953451919049323,0.3571385924042933
2133645950.67917,0.15308764551674314,0.3485302705304116,0.19372987542251502,0.3560635467402254
2133645950.7196062,0.1476111515296028,0.34678768342505584,0.17794608154956548,0.354656036240021
2133645950.7595508,0.14653122594810197,0.3462648805933068,0.1622073159747075,0.3528299099906475
2133645950.799254,0.11732943878160096,0.3344034152098702,0.14653668381792267,0.35047824509653164
2133645950.8393087,0.09957412131782084,0.3252322838654941,0.1309825537943067,0.347471733787892
2133645950.8800817,0.1017784109802422,0.32417156827203913,0.11560367133211352,0.3436508154348999
2133645950.919456,0.0906330906984244,0.31655748289169566,0.1005122029585201,0.33883090576671293
2133645950.9595878,0.0805357359573865,0.30804754531808265,0.08586209920345673,0.3328029690128244
2133645950.9989617,0.05513191155817043,0.2916086298969128,0.07187286579963201,0.32535672601034804
2133645951.039409,0.05513191155817043,0.2916086298969128,0.0588477115981052,0.31634117080814533
2133645951.079306,0.03775192569453567,0.27111113854438396,0.047097565336910785,0.3057126726793125
2133645951.1194453,0.03374133732318818,0.2649854796593705,0.03688251116704945,0.293598005419851
2133645951.1604073,0.03374133732318818,0.2649854796593705,0.02831914328157408,0.2802667785411698
2133645951.1996415,0.02705935088604905,0.2531507163145285,0.021355650702137807,0.26603162271050396
2133645951.2394292,0.014749443546751562,0.2301630768945857,0.01583009947772953,0.2511825556187744
2133645951.279707,0.010317685023116585,0.21472239010140026,0.011528060430976999,0.23593607076582399
2133645951.319519,0.008595440747610428,0.20739552471912592,0.008232410442940154,0.2204350293509259
2133645951.3603766,0.005307868646078462,0.1924201072595727,0.005750623354030196,0.204787740829588
2133645951.3996468,-0.004305323667175176,0.1762398624835313,0.0039141590478240455,0.18905017857556783
2133645951.439311,-0.007035648614959533,0.15247949005005323,0.0025829431387501887,0.17326274112279244
2133645951.47928,-0.007035648614959533,0.15247949005005323,0.0016406125060899573,0.1574443248418768
2133645951.5196378,-0.009053212997176874,0.12433227734087471,0.0009932196304838087,0.14161110336382832
2133645951.5596538,-0.00892908776735779,0.10757235311967106,0.0005655118037789051,0.12576840406459186
2133645951.5998223,-0.00892908776735779,0.10757235311967106,0.00029749424656878214,0.10992993444083377
2133645951.6401076,-0.009394561874562224,0.08574422037616891,0.00014079253349814615,0.09408343429775988
2133645951.679371,-0.007652835141199077,0.06255859019975263,5.7636936935111244e-05,0.0782419721785904
2133645951.7195563,-0.005604837561650977,0.03654823537956953,1.9101661633573764e-05,0.062399379202749176
2133645951.759497,-0.0056506771248224785,0.03349374013441997,4.531739681493255e-06,0.04655485716585749
2133645951.7995179,-0.0046144013924392935,0.019739384543763783,5.841234152579389e-07,0.030712470275553988
2133645951.8394136,-0.0033611045490604674,0.002068187472643812,1.670349051010744e-08,0.0148664104061654
2133645951.8788376,-0.004429975797024421,-0.019764394577532707,-2.0756441413393004e-15,-0.0009785928760059548
2133645951.9191093,-0.004471323948134542,-0.020856713065326438,-5.190565903583433e-08,-0.01682556400658492
2133645951.9591768,-0.0021122849364865193,-0.07205389791769673,-1.4855367101053575e-06,-0.03266869641706439
2133645951.9999776,-0.001709405811126663,-0.09814452803975371,-1.0585327190817782e-05,-0.04851663329127507
2133645952.0395432,0.0010975066015345147,-0.08707143688803892,-4.21360721522899e-05,-0.06435953659788061
2133645952.0798419,0.0009410793537575346,-0.10428611226340412,-0.00012156169998980421,-0.08020733840012247
2133645952.1191607,1.5424217381099226e-07,-0.12861329050452242,-0.0002857223753293162,-0.09605516339567938
2133645952.1594424,0.0025304413470735865,-0.138595788877738,-0.000582896119413388,-0.1118931554330638
2133645952.1991942,-0.0009970374880702293,-0.16879836165813245,-0.0010733460340141237,-0.12772863741322618
2133645952.2389953,-0.0039791918071848675,-0.1835616620367848,-0.0018294646386723427,-0.14355257141901856
2133645952.279259,-0.004211846891965854,-0.18958654240725736,-0.0029379388449302423,-0.1593602406070698
2133645952.3196752,-0.007864727986757414,-0.20304602604934296,-0.004501697900504545,-0.17513264647541923
2133645952.3591633,-0.015332298850956438,-0.22339345277019984,-0.0066429952703992694,-0.19083512424732643
2133645952.3994873,-0.029103980592109946,-0.257136308979768,-0.009506059120687417,-0.2064167140492977
2133645952.4393005,-0.03255348948913295,-0.26319150081012743,-0.013258006415499261,-0.2218120908855863
2133645952.4796722,-0.03998371577698201,-0.27507114363251856,-0.018076381591855383,-0.23690464903334885
2133645952.5194008,-0.03184376783962073,-0.27354408766263155,-0.024138731814499097,-0.251542458455697
2133645952.5591528,-0.04048512992885317,-0.2830091460313544,-0.031589972032454935,-0.26552133350763485
2133645952.5992754,-0.04048512992885317,-0.2830091460313544,-0.040510523412336415,-0.27861412039855243
2133645952.639276,-0.06086112351545042,-0.2997645760788641,-0.0508752381419855,-0.29059489803039623
2133645952.6796072,-0.06787483047753196,-0.3122757114990027,-0.06255341529254596,-0.30130089126074755
2133645952.7191617,-0.06787483047753196,-0.3122757114990027,-0.07533926261931449,-0.3106660398765824
2133645952.759077,-0.08064574085061393,-0.3195137140430022,-0.08898729827802437,-0.31871406031008304
2133645952.7990267,-0.11488203065414154,-0.340236877728995,-0.10328772240839662,-0.32555290184295976
2133645952.8406339,-0.13747421998524234,-0.3486846525604045,-0.11805517998949397,-0.3313184181251856
2133645952.8797624,-0.1453808172659815,-0.35129036203763464,-0.1331389427666304,-0.3361547744481294
2133645952.9197307,-0.142057464171576,-0.35873138100361784,-0.14845593939653118,-0.3402084234199502
2133645952.9592977,-0.1553624635830802,-0.36167786633330623,-0.16394299237968324,-0.34360454557785064
2133645952.999479,-0.18058483839984207,-0.3664311450291052,-0.17953530396165762,-0.3464455169109517
2133645953.0397546,-0.19917843999807217,-0.3690896057353126,-0.19521405896534724,-0.3488230470703328
2133645953.079202,-0.22940009458981236,-0.37234923976930323,-0.21092950029670793,-0.3508077560135463
2133645953.1190817,-0.24777304584992382,-0.37339559573162034,-0.2266910795884024,-0.35246519750011623
2133645953.1590803,-0.2571765605312655,-0.3756823502430192,-0.2424870954039617,-0.35384672747411694
2133645953.1994972,-0.26860393231725155,-0.3761901159753107,-0.2582969357752842,-0.3549947637555697
2133645953.2393494,-0.2957336507314121,-0.37708718656961226,-0.27410947719708534,-0.3559459655221289
2133645953.2797108,-0.32247900621475745,-0.37728043994088223,-0.28994759527102537,-0.35673293682352697
2133645953.3197322,-0.3222363624029361,-0.38053147465881876,-0.30579370141565804,-0.3573810528055072
2133645953.359437,-0.34009009425764547,-0.38040863815377196,-0.3216337377490166,-0.35791232759327507
2133645953.3994975,-0.34009009425764547,-0.38040863815377196,-0.3374851468839184,-0.35834644444118313
2133645953.4394815,-0.3808972035561349,-0.38382349497259927,-0.35334288894955157,-0.3586993435487535
2133645953.4797664,-0.4058444290494051,-0.38320384050829914,-0.3692044930755195,-0.35898465557483683
2133645953.5195093,-0.4321551693553218,-0.3821942993192238,-0.38506990399661695,-0.3592139787466623
2133645953.5594258,-0.44900178336032415,-0.37961170675605305,-0.40094141246077214,-0.35939713544191454
2133645953.5999315,-0.4614364123660858,-0.37890818162747264,-0.4167894758988499,-0.35954212947375885
2133645953.639243,-0.47804026622643525,-0.3777865646179319,-0.432652876387145,-0.3596562934696246
2133645953.679328,-0.5254058728243937,-0.374988069049199,-0.44850445313268883,-0.35974523260119917
2133645953.7195396,-0.5254058728243937,-0.374988069049199,-0.4643525504355732,-0.3598138743184257
2133645953.7591953,-0.5551888277260285,-0.3726940304772711,-0.4802082207883696,-0.35986628569736484
2133645953.79952,-0.569141767470165,-0.37158371462938883,-0.4960854335988172,-0.35990580914374865
2133645953.8389156,-0.5532166109013192,-0.37283968383207267,-0.5119593883140633,-0.3599351136741957
2133645953.879096,-0.5699659664481608,-0.3706919550860211,-0.5278031675050211,-0.35995642898825636
2133645953.9194682,-0.58681851874797,-0.36772060533881434,-0.5436771064166422,-0.3599716682103121
2133645953.959651,-0.5957104237386106,-0.36776868963522835,-0.5595586084686568,-0.35998227055288345
2133645953.999894,-0.6065614244400372,-0.36507700640200386,-0.5754232990363285,-0.3599894104740917
2133645954.0391655,-0.6169377130972388,-0.3618831094904743,-0.5912940389351584,-0.3599940424834905
2133645954.0798514,-0.6414859859418839,-0.35165931656574423,-0.6071474401995957,-0.359996897201376
2133645954.1192687,-0.6414859859418839,-0.35165931656574423,-0.6230105105199756,-0.35999854669158854
2133645954.1599472,-0.6601918339465062,-0.34237214237443725,-0.6388613672550847,-0.3599994147237617
2133645954.1989405,-0.6660043813271221,-0.339803456112269,-0.6547317346399748,-0.3599998141177225
2133645954.2389374,-0.6660043813271221,-0.339803456112269,-0.6706017222160565,-0.35999996117942995
2133645954.278864,-0.6732918812618129,-0.33320254083642786,-0.6864503075387786,-0.3599999968705538
2133645954.3192503,-0.6848160170187756,-0.3212752799152734,-0.7023149246084237,-0.3599999999986894
2133645954.359215,-0.6905332770192261,-0.31229680249531205,-0.705,-0.36
2133645954.399235,-0.6929891167101508,-0.3074560527793942,-0.7049999999989197,-0.34415376773374595
2133645954.4401727,-0.6963730418594027,-0.29603526806244757,-0.7049999999614783,-0.32826549788107373
2133645954.4792101,-0.7002397636398141,-0.28543292664207415,-0.7049999996746656,-0.31238849362502746
2133645954.51921,-0.7052928283845352,-0.2680592410718785,-0.7049999984726175,-0.2965267076649556
2133645954.559549,-0.7052928283845352,-0.2680592410718785,-0.7049999947785194,-0.2806447256176456
2133645954.5994935,-0.7176165632455933,-0.24534675422547314,-0.7049999854271451,-0.264803538249447
2133645954.639657,-0.7176165632455933,-0.24534675422547314,-0.7049999644636513,-0.24893927942887567
2133645954.6798434,-0.7195214510619229,-0.23119944974554285,-0.7049999215106973,-0.233082700755593
2133645954.7197273,-0.7206982628134582,-0.21607819831048114,-0.7049998390286213,-0.21722983338494964
2133645954.759614,-0.7236324390400979,-0.17032069392290006,-0.7049996882954644,-0.2013846223132485
2133645954.7991679,-0.7236960534655897,-0.16208339854626946,-0.7049994226911621,-0.18552513579898974
2133645954.839365,-0.724537006135735,-0.14953135047180116,-0.7049989689928643,-0.16967141688677356
2133645954.8798826,-0.7244584507617008,-0.13413002277552344,-0.7049982120744623,-0.1538168421928726
2133645954.919539,-0.7237786805514425,-0.10876320076538398,-0.7049969735909131,-0.13796103194284995
2133645954.9593182,-0.7239404108669598,-0.10646563350653304,-0.704994980111338,-0.1221064457116208
2133645954.9993377,-0.7228431079780939,-0.07964740817165977,-0.7049918164282584,-0.10625472527909957
2133645955.0393376,-0.7220133694835555,-0.0627720974771096,-0.704986857707614,-0.0904029452006016
2133645955.0800123,-0.7220133694835555,-0.0627720974771096,-0.7049791839589679,-0.07456061276340721
2133645955.1193016,-0.72316889310525,-0.058206158606139535,-0.7049674314675972,-0.058701626718102286
2133645955.1591733,-0.721539359961328,-0.02722935816425842,-0.7049497025670208,-0.04286019723304976
2133645955.199201,-0.7200633775991079,-0.0020878336408647336,-0.7049232848199655,-0.027006765244347676
2133645955.2391632,-0.7213328098760339,0.016349332201328726,-0.7048845706079336,-0.011161337313380657
2133645955.2794178,-0.7213328098760339,0.016349332201328726,-0.7048287700390434,0.004678700887765753
2133645955.3200243,-0.7191637105102282,0.05131475684189324,-0.7047496448865871,0.020527801164461484
2133645955.3602364,-0.7186522552571111,0.046843560324496436,-0.704639460351084,0.0363724527162047
2133645955.39941,-0.7175247950260997,0.06154734382018778,-0.7044884343252781,0.05222414914345238
2133645955.439034,-0.7150952148663214,0.08706526914965906,-0.7042847678028201,0.06806669254631324
2133645955.4789588,-0.7064829093314553,0.123641406082175,-0.7040136157514028,0.08391024742503898
2133645955.5192027,-0.7052730996331934,0.13213841760139877,-0.7036569069037827,0.09974751973987517
2133645955.5591483,-0.702602507922445,0.14897917974433372,-0.7031919967799616,0.11558471584216382
2133645955.5992246,-0.7030163291305693,0.14885502856291732,-0.702591324386554,0.13141721379872523
2133645955.638955,-0.7030163291305693,0.14885502856291732,-0.7018213055686943,0.14724229271069933
2133645955.6788902,-0.695449240738627,0.18915663635800872,-0.7008412204919118,0.1630565397944497
2133645955.7191815,-0.6952256901455676,0.20287688203034027,-0.6996017623386318,0.17885292544253567
2133645955.759678,-0.6903366925154824,0.22199633484339387,-0.6980431919976484,0.19461737575864937
2133645955.7993631,-0.6879246581969537,0.22931746813545906,-0.6960900445983544,0.2103464600846858
2133645955.8401065,-0.688228388875175,0.22958515518205014,-0.693650904047675,0.2260063329656959
2133645955.8790286,-0.6696965322391084,0.27225662427482167,-0.6906097756228543,0.24155821060594523
2133645955.91912,-0.6591609258126032,0.29112463938254374,-0.6868185439500498,0.2569450546897581
2133645955.9592843,-0.6591609258126032,0.29112463938254374,-0.6820911621669045,0.27206761540182256
2133645955.9993112,-0.6517077024118922,0.2916515046024195,-0.6761968476140696,0.28677206723680004
2133645956.0403006,-0.6517077024118922,0.2916515046024195,-0.6688674202192367,0.3008217046646441
2133645956.0799758,-0.6420388894185405,0.30111639866297213,-0.6598571536154035,0.3138523705013908
2133645956.119518,-0.6220999191809282,0.32351678229556735,-0.6490348116485589,0.3254256725317064
2133645956.1589758,-0.6087546911265562,0.3322246322908019,-0.6365117673513482,0.33513088818634884
2133645956.19949,-0.6023610067960331,0.3357918671174499,-0.6226361289246446,0.34277998605250576
2133645956.2390869,-0.5826978572428779,0.3469819022261177,-0.6078532015653672,0.3484786265151859
2133645956.279293,-0.5683301427121602,0.35319455953884726,-0.5925373447410418,0.3525374654359542
2133645956.3192747,-0.5683301427121602,0.35319455953884726,-0.5769393303642416,0.3553253835131868
2133645956.3590887,-0.5390125463303297,0.36298605432794306,-0.5612056401304407,0.3571799179217545
2133645956.399329,-0.5349329920868884,0.36603059957081163,-0.5454073297985663,0.35837538345720554
2133645956.4393072,-0.5230616291214483,0.3685208142573295,-0.5295840168638807,0.35911778517173226
2133645956.4794486,-0.4992015453067741,0.3728951338839548,-0.5137499587030343,0.3595566810937634
2133645956.519546,-0.4627213664150642,0.3799698417206542,-0.49790856874741013,0.3597992704947588
2133645956.5592027,-0.45424783282047065,0.3805620532811136,-0.4820651406096933,0.35992134721300606
2133645956.599335,-0.43706461411623326,0.38145319427855884,-0.4662222079366499,0.3599750664387844
2133645956.6398122,-0.40432041437423005,0.3883333738259559,-0.4503814710076345,0.35999436506420046
2133645956.6791177,-0.40432041437423005,0.3883333738259559,-0.43453747424591355,0.35999931999068896
2133645956.7196755,-0.37100103769017734,0.3883114773829395,-0.41869497014228196,0.35999998321189347
2133645956.7594364,-0.3695500511152359,0.38984624710615023,-0.4028474037432572,0.35999999999993226
2133645956.8003898,-0.3587117613867829,0.38930421182266384,-0.38700370072583085,0.35999997163598196
2133645956.8404353,-0.3347444010959543,0.3876204897802854,-0.3711613256528291,0.3599992776188491
2133645956.879746,-0.31113048992516856,0.3850006232136911,-0.35531331034231767,0.35999507524094526
2133645956.919303,-0.3132025447828818,0.38867693423822525,-0.33947200000133726,0.3599808626170081
2133645956.9592571,-0.29743186493088347,0.3862136760019673,-0.32363126174521933,0.35994563276340374
2133645956.99924,-0.2741998183214264,0.38200555287525384,-0.3077837952379837,0.35987350682397345
2133645957.0394332,-0.2642297359293093,0.3860675646866707,-0.2919388158321764,0.3597437880514919
2133645957.079903,-0.23766044119455787,0.3806063162318444,-0.2760935408424931,0.35953086735178547
2133645957.119001,-0.23766044119455787,0.3806063162318444,-0.26024885037778706,0.35920409622626026
2133645957.1592622,-0.21133447164098818,0.3793402504376244,-0.24440779115941016,0.3587272812007734
2133645957.199347,-0.20989380128215618,0.3790641344744554,-0.22857474454363275,0.35805762657924717
2133645957.2400029,-0.17979931181373465,0.3704741809716009,-0.21275561049410457,0.3571440068996318
2133645957.279733,-0.14582546630975962,0.35555635577071265,-0.19695773170685413,0.35592532197846
2133645957.3190434,-0.13877015880014776,0.35229740777965024,-0.18118913617601956,0.3543292087378474
2133645957.3590007,-0.12495084759464214,0.34545545077777995,-0.16547961526591098,0.3522726509506367
2133645957.4004152,-0.11321794915122174,0.3397244129685075,-0.1498531360203637,0.3496565316851554
2133645957.4396725,-0.11321794915122174,0.3397244129685075,-0.1343522420574768,0.3463645106385753
2133645957.479919,-0.08727996438100577,0.32335024621990405,-0.11905183720707564,0.3422633743769903
2133645957.5197937,-0.07166251757845982,0.31341507733358187,-0.10403556358611067,0.33719412880397637
2133645957.5597577,-0.06665708295495065,0.30893213284023735,-0.0894522690423459,0.330989244020847
2133645957.5996935,-0.06665708295495065,0.30893213284023735,-0.07549753493701404,0.3234821166759005
2133645957.639733,-0.05214004491903346,0.2946649435126657,-0.06241675027386449,0.31453925606614974
2133645957.679833,-0.02992845266038857,0.26572384193530096,-0.05048479033971025,0.3041103036183656
2133645957.7198443,-0.02992845266038857,0.26572384193530096,-0.039948263600872426,0.29227291381151554
2133645957.759194,-0.02322234149119795,0.2537733862360626,-0.030955181565609315,0.27923009461013704
2133645957.799585,-0.020571406489773625,0.25130380482341474,-0.02351271644826865,0.2652408472608818
2133645957.8400784,-0.013231333328505124,0.23099380933603308,-0.017520287357843795,0.25057686481612723
2133645957.878877,-0.007705969839374438,0.21013345589180998,-0.012802055005712337,0.2354536626287708
2133645957.9200597,-0.0030948249555418084,0.20339922171394276,-0.00916042739078626,0.22003188764307194
2133645957.9593565,0.0018793642425284363,0.17722962555481458,-0.006404394341987331,0.20442874647253734
2133645957.9995472,0.0018793642425284363,0.17722962555481458,-0.004359518869867224,0.1887134734696219
2133645958.0389254,0.006620934029241465,0.15238199789607698,-0.002876142656593761,0.17294232978548818
2133645958.0790834,0.007252916336185744,0.1423128813207417,-0.001825806520950997,0.15713333299493548
2133645958.119166,0.007757642511256879,0.11810791011299149,-0.001104242150959688,0.14130212964682998
2133645958.159345,0.007115219300506959,0.09332655647004717,-0.0006279485889889234,0.12546271287122193
2133645958.1996536,0.008677880317722542,0.09593322912999536,-0.0003296904563939653,0.10962044782020731
2133645958.23896,0.007549294941071705,0.07917310436180769,-0.00015562000381488063,0.09377325897626482
2133645958.281035,0.007549294941071705,0.07917310436180769,-6.34386124519194e-05,0.07792867372571041
2133645958.319114,0.006840996160411894,0.04676822163202443,-2.087729748952476e-05,0.062085899364528865
2133645958.3593981,0.003371384021580104,-0.0004534596605081376,-4.886301757968644e-06,0.04624408831076501
2133645958.3993475,0.0013036003227079318,-0.0264524905927358,-6.094839970274065e-07,0.030402725747078616
2133645958.4396493,0.003916428935587302,-0.003557670770317878,-1.5473228429118623e-08,0.014555335789497434
2133645958.4796064,0.0025952501717060317,-0.02003043593341447,8.178859801739632e-14,-0.0012908483575424091
2133645958.519575,0.0013776873438308135,-0.03659231951873865,3.356879411687973e-08,-0.01713414532231236
2133645958.559741,-0.00341550534834012,-0.09797352378251367,8.777858868084704e-07,-0.03298043199872609
2133645958.5995746,-0.00477549806021349,-0.12190531699430851,6.138239771671783e-06,-0.048821055119619525
2133645958.6403978,-0.0057225259134415785,-0.15449992077963215,2.449912004946813e-05,-0.0646686504176204
2133645958.679388,-0.0011944260821402652,-0.1209361689136691,7.143510512588481e-05,-0.0805129717687404
2133645958.719633,-0.0010515047611701078,-0.13024377924100772,0.00017049278628648837,-0.09636043428730479
2133645958.7590966,0.0002154670466689712,-0.14434894089904804,0.0003540673803362652,-0.11220041966316661
2133645958.799281,0.0031828845354784363,-0.16017391208427834,0.0006645828589165272,-0.12803980420441194
2133645958.8390286,0.006581746628454677,-0.17959888484453135,0.001155752531500481,-0.1438781910812141
2133645958.8801484,0.00810110879735737,-0.18604491061125017,0.0018945086007588828,-0.15970754036426416
2133645958.919535,0.011601984869943682,-0.1991597390408576,0.0029646069383870376,-0.17551972912804895
2133645958.9596417,0.01479419835119078,-0.2133024170695862,0.004470211646001061,-0.1912957188879057
2133645958.9996655,0.01479419835119078,-0.2133024170695862,0.006537810229334947,-0.20700509379243934
2133645959.0393722,0.022332341948661183,-0.23215508273142854,0.009318223140171625,-0.22260519016603328
2133645959.0797675,0.032860573911924096,-0.2465036574436994,0.012985720510927046,-0.2380214885840479
2133645959.1197102,0.032860573911924096,-0.2465036574436994,0.017734081042532046,-0.25313842479674153
2133645959.1595287,0.040725535829809534,-0.25817204601860966,0.0237628545352704,-0.2677870672785702
2133645959.1995857,0.04638053491377048,-0.28225788075181013,0.03125447606593784,-0.2817503050203929
2133645959.2398357,0.059607719891199284,-0.29731409960663213,0.04031457557101147,-0.2947476992512971
2133645959.279512,0.07034069875520821,-0.30766354386573597,0.050935470528630275,-0.306508681207615
2133645959.3196456,0.0815707213046164,-0.3130495900413053,0.062965092644512,-0.3168261399316
2133645959.3594024,0.09021680928996012,-0.3193669928673176,0.0761418169368277,-0.32562081797725917
2133645959.3992984,0.10289321079604807,-0.32787972152333456,0.09018727323214769,-0.332954576481117
2133645959.4399514,0.10289321079604807,-0.32787972152333456,0.10484563218415026,-0.3389676269853944
2133645959.4803922,0.11643752796644602,-0.34493917224550324,0.11992758167352491,-0.343838591663749
2133645959.5195453,0.15991130817294708,-0.3642582714801662,0.13528346700110058,-0.34774117628926765
2133645959.5597613,0.15991130817294708,-0.3642582714801662,0.15081878224497863,-0.3508372896032905
2133645959.5991795,0.17251209223052877,-0.36131442112970336,0.16647658627674233,-0.35326806223007795
2133645959.6399362,0.19162179345357844,-0.36541432553738956,0.18221400958111553,-0.35515222062999197
2133645959.6793544,0.2000644549586179,-0.3669713865108986,0.1979970285796481,-0.35659024689264507
2133645959.7195632,0.22502634568059388,-0.37628919940145833,0.21380680407802571,-0.35766832069729654
2133645959.759684,0.24321160206184056,-0.37882666310143376,0.22962812856699236,-0.35845939509411734
2133645959.799806,0.26081401132859894,-0.3806463233207887,0.24545929897878574,-0.35902495193086215
2133645959.8394296,0.27874868212120874,-0.3819093642190982,0.26130243529510877,-0.3594156338946598
2133645959.8790143,0.29217403962953414,-0.38508223925356627,0.27714397585759637,-0.35967324647815135
2133645959.9191031,0.3100264455535886,-0.38554440947590907,0.2929835680362489,-0.35983313736700545
2133645959.9597225,0.3100264455535886,-0.38554440947590907,0.30882500559889037,-0.3599246184571939
2133645959.9990587,0.3319850388629938,-0.38259179024917733,0.32466843522474614,-0.35997135648248213
2133645960.0391688,0.3939329796088641,-0.38109903443995985,0.34051181523544305,-0.35999161827425497
2133645960.0793872,0.3939329796088641,-0.38109903443995985,0.35635962991127007,-0.35999842174603497
2133645960.119429,0.39221116541653267,-0.38113693581421126,0.37220435177068445,-0.3599998801211497
2133645960.1597915,0.4060562267259764,-0.3800730137995122,0.3880481104371272,-0.35999999961839474
2133645960.199792,0.43128027798375823,-0.3772210908571393,0.4038882249642744,-0.35999999912944475
2133645960.2398076,0.47122515585417624,-0.3722515743571587,0.41973456610733106,-0.35999983279096187
2133645960.2792768,0.47938995212608204,-0.37113671124503766,0.4355801878485843,-0.35999793063598634
2133645960.3195753,0.4957043706491653,-0.3686404779279344,0.451423341632596,-0.3599889979263845
2133645960.3595586,0.5206944270727024,-0.36468966807126746,0.46726589585076306,-0.3599614640140704
2133645960.3994644,0.5206944270727024,-0.36468966807126746,0.48311223568803036,-0.35989476563090744
2133645960.4393463,0.5426731792985923,-0.35997443669875934,0.4989524173942221,-0.3597564291164692
2133645960.4796438,0.560772614399436,-0.3539202297694825,0.5147925373381798,-0.3594982277175367
2133645960.5194595,0.5630544888992203,-0.3532020979717392,0.5306286234204849,-0.359051317903425
2133645960.5597727,0.5758709612294414,-0.3486482070225063,0.5464584235832994,-0.3583187365338027
2133645960.5998173,0.6104159426028424,-0.3418736195953164,0.5622596853115883,-0.35716537735596526
2133645960.6391122,0.6240363394604488,-0.3353058879189778,0.5780045238883169,-0.35540341667508424
2133645960.6803408,0.6349862232632243,-0.3287879148075943,0.593628250676385,-0.3527824312899885
2133645960.7192843,0.6452355014291375,-0.3212616990342151,0.6090084036347475,-0.34898366915507406
2133645960.7590141,0.6554191292528427,-0.3153638692039139,0.6239190720490733,-0.343635088399108
2133645960.7998934,0.6639364541417732,-0.30669911927355104,0.6380029966901264,-0.3363730583211601
2133645960.8396811,0.6639364541417732,-0.30669911927355104,0.6507714638311514,-0.3269960581559492
2133645960.880411,0.6818109285177714,-0.29605280883955326,0.6617827405073693,-0.31560189149357837
2133645960.92028,0.6884041020157671,-0.28406024298000354,0.6708284352671923,-0.302591915269724
2133645960.959277,0.6937447619783439,-0.2723846406265429,0.6780069433731825,-0.2884657149575376
2133645960.9995732,0.7029879641852718,-0.26385304072063553,0.6835932433216305,-0.2736389131211879
2133645961.0398877,0.7069351678834328,-0.25271108974607454,0.6878962285745996,-0.25838695327065236
2133645961.0793006,0.711952715380464,-0.23140688150498462,0.6911857150521953,-0.2428859167144302
2133645961.1193511,0.7339107368760389,-0.17659466798872925,0.6936808390648708,-0.22724143897773103
2133645961.1596591,0.7355585965355733,-0.1608483138904766,0.6955554251599053,-0.21150863895226055
2133645961.1997795,0.7367817368628496,-0.14469297348867072,0.6969453545738592,-0.19572329303865738
2133645961.2417073,0.7371902806590974,-0.1285368030173663,0.6979582615540842,-0.17991422699860155
2133645961.2797139,0.7320764690239817,-0.1800634138369953,0.6986816131213267,-0.1640843562510752
2133645961.3213632,0.7317268467132165,-0.1567597869059597,0.699184629805104,-0.14825003023248365
2133645961.3603723,0.7303936676145054,-0.13438296495122953,0.6995228239047088,-0.1324069787112191
2133645961.399603,0.7360450930272137,-0.13559193689407367,0.699739825253557,-0.11656789931561334
2133645961.439067,0.7348040329292963,-0.12381427891046831,0.6998708287243606,-0.10072022927474905
2133645961.4793398,0.7317892654372533,-0.09836414541204574,0.6999434805916684,-0.08487869646339638
2133645961.5194569,0.730574952268805,-0.06439677249540932,0.6999793468188354,-0.06903291743640047
2133645961.5593266,0.7286317402558633,-0.045900610377834994,0.6999942628191553,-0.05318955700359335
2133645961.5996072,0.7265280482778219,-0.026864562287673865,0.6999990032511854,-0.03734677994128145
2133645961.6394653,0.7232988555735158,-0.004751346227838127,0.6999999361491893,-0.021503926905960837
2133645961.6800508,0.7253589709003111,-0.02241406878197061,0.6999999999191527,-0.005656136928151532
2133645961.7191434,0.7197107083501368,0.024050208291308217,0.6999999976551593,0.010185111915331418
2133645961.7595394,0.7159863151238922,0.05214799236097911,0.6999997464424922,0.02602663699325113
2133645961.8001435,0.719987941567229,0.05900001916539288,0.6999973049331248,0.041871409135214484
2133645961.8395934,0.7163690994089577,0.08447727500076019,0.6999868491598885,0.05771304581028326
2133645961.8798385,0.7161153760929972,0.1037316227938514,0.6999568181194352,0.07355622376087594
2133645961.9189157,0.7156328852672711,0.10673397084171243,0.6998885780700353,0.08939802095603855
2133645961.9592185,0.7126923558357133,0.12420052403011705,0.6997553939271179,0.10524384751891314
2133645961.999007,0.7093175923842996,0.14130466175500334,0.6995217960286957,0.1210821797280718
2133645962.0398102,0.7023508422419138,0.1793393430553929,0.6991422072204815,0.1369195117162447
2133645962.0797088,0.7023508422419138,0.1793393430553929,0.6985594035124006,0.15275514442345817
2133645962.1197612,0.696124305129018,0.2032043562791661,0.6977020756560763,0.16858020541529423
2133645962.1597722,0.6850470031644885,0.22845886643758606,0.6964814477411131,0.18437560353022345
2133645962.2014384,0.6822073840216518,0.23553052065792557,0.6947864227852221,0.20012859899552699
2133645962.2396417,0.6760111719616843,0.24928032192763283,0.6924825816955452,0.21580543054056386
2133645962.279292,0.6679732322411017,0.2575132968405106,0.6894096954897544,0.23134929188909556
2133645962.3197594,0.6579997767431767,0.27229495888401345,0.6853810923693198,0.24666925337230433
2133645962.3595614,0.6498607054074134,0.28314010875317774,0.6801837583777474,0.26163919858556656
2133645962.400943,0.6408528317284399,0.2930913757476564,0.6736031912025754,0.27605613053169314
2133645962.4395864,0.6362754579902498,0.3020192824211236,0.6654613644555315,0.2896498133822855
2133645962.4798567,0.6362754579902498,0.3020192824211236,0.6556748865438629,0.30211217262776585
2133645962.5190053,0.621373368154211,0.3151889813812906,0.6443186446304279,0.31315547069880684
2133645962.5599742,0.5981984272106027,0.3330128497490301,0.6316102243892282,0.3226203212122575
2133645962.600042,0.5923097737365183,0.3364830434788219,0.6178606091176678,0.3305009258532135
2133645962.6399498,0.5798599279395047,0.3430790615830978,0.6033772082370592,0.3369243588809024
2133645962.6797585,0.5580027321490595,0.3539826955574158,0.5883961328743635,0.34208957234754717
2133645962.7194734,0.5439234994526105,0.3586131604156718,0.573095895327391,0.34620266587791876
2133645962.75991,0.5294274467456115,0.36262861000479174,0.5575877536619437,0.3494559702866757
2133645962.8004706,0.5148285507195852,0.3629807785066131,0.5419482935365155,0.3520127386202666
2133645962.8411024,0.5148285507195852,0.3629807785066131,0.5262335498057538,0.35400807643643456
2133645962.8809526,0.49206578793293876,0.3672190268293461,0.5104621651956153,0.3555551611504393
2133645962.9192746,0.4689859996273493,0.37041363498339575,0.49466327257724046,0.35674409739033436
2133645962.959401,0.4708687456161931,0.373730857787552,0.47884868837774214,0.35764945886063737
2133645962.999465,0.45458604690200655,0.37489081069205493,0.46301519758824217,0.3583321838692965
2133645963.0391097,0.4297792096175842,0.3761824105857059,0.44718239290445827,0.35884028309104654
2133645963.0789135,0.4241335758928254,0.37530248017161766,0.43133631095348823,0.35921300695280345
2133645963.1197784,0.39332141837478896,0.3759134279551482,0.41549100707081593,0.35948053837990096
2133645963.1600404,0.37587174682552915,0.3759077098643424,0.3996429639092985,0.35966670959965924
2133645963.199865,0.36832456744423914,0.3759412401531996,0.38379659500800567,0.35978933996352574
2133645963.2391326,0.3438707324498266,0.37551275512163174,0.36795339804443145,0.35986106687336106
2133645963.2793572,0.3177407265735863,0.3747596464130997,0.35211293128103033,0.3598897020972126
2133645963.3193247,0.30720831347110433,0.37677228115837336,0.33626145771747784,0.3598784240604308
2133645963.3596897,0.2936366961839494,0.37574325817332055,0.3204096578673405,0.3598258647349143
2133645963.3993149,0.26819872705536085,0.37347915136704946,0.30456884022405983,0.3597261974605332
2133645963.4388723,0.23790759051923127,0.3695965958399985,0.2887274013490002,0.35956871726712125
2133645963.4796045,0.22161120010440238,0.3673702534641638,0.2728885434927073,0.35933764843758387
2133645963.5200565,0.20573844539613284,0.3646515247325612,0.25704712927323464,0.359011359068137
2133645963.5596232,0.2006157548096077,0.3624468117382914,0.24120333013316667,0.35856161648422413
2133645963.5991042,0.17997339154721637,0.3578635583245879,0.2253642778008233,0.35795252892421325
2133645963.6393745,0.15882810964277616,0.35253904815991594,0.20953451919049323,0.3571385924042933
2133645963.679454,0.1517635916082577,0.3504871807204981,0.19372987542251502,0.3560635467402254
2133645963.7194588,0.14025803257535197,0.3465127697114258,0.17794608154956548,0.354656036240021
2133645963.7589335,0.12180784645513787,0.33888862161717886,0.1622073159747075,0.3528299099906475
2133645963.7991457,0.11012830301956011,0.33311301210728184,0.14653668381792267,0.35047824509653164
2133645963.8393295,0.10739448803412777,0.3302746617884048,0.1309825537943067,0.347471733787892
2133645963.8801394,0.09663921148408039,0.3234145618027753,0.11560367133211352,0.3436508154348999
2133645963.9194312,0.09663921148408039,0.3234145618027753,0.1005122029585201,0.33883090576671293
2133645963.959286,0.07163851941284205,0.3136667941416326,0.08586209920345673,0.3328029690128244
2133645964.000149,0.05875129072292862,0.30098129629141396,0.07187286579963201,0.32535672601034804
2133645964.0396786,0.054548422590736,0.29594854438145063,0.0588477115981052,0.31634117080814533
2133645964.0799997,0.04393530885962038,0.28629150053740593,0.047097565336910785,0.3057126726793125
2133645964.1191657,0.033030086049075535,0.26958102207906115,0.03688251116704945,0.293598005419851
2133645964.1594388,0.026714127944213573,0.2572502729376562,0.02831914328157408,0.2802667785411698
2133645964.1998053,0.020777999987627527,0.24439626515863033,0.021355650702137807,0.26603162271050396
2133645964.2390933,0.014857792373869638,0.2362183749082074,0.01583009947772953,0.2511825556187744
2133645964.278982,0.014857792373869638,0.2362183749082074,0.011528060430976999,0.23593607076582399
2133645964.3200166,0.01264949168172591,0.22918915476836144,0.008232410442940154,0.2204350293509259
2133645964.359546,-0.005541582769396092,0.17382154773670022,0.005750623354030196,0.204787740829588
2133645964.399169,-0.008992469091280153,0.14992227750258702,0.0039141590478240455,0.18905017857556783
2133645964.440161,-0.008992469091280153,0.14992227750258702,0.0025829431387501887,0.17326274112279244
2133645964.4792693,-0.006275069117790522,0.14755980771849475,0.0016406125060899573,0.1574443248418768
2133645964.5196586,-0.006760596241277783,0.12454778812001183,0.0009932196304838087,0.14161110336382832
2133645964.5596397,-0.00643480602201707,0.1163299209130157,0.0005655118037789051,0.12576840406459186
2133645964.59962,-0.00982489099656747,0.09771900153336788,0.00029749424656878214,0.10992993444083377
2133645964.6394126,-0.009559428482732946,0.0937057927671664,0.00014079253349814615,0.09408343429775988
2133645964.6791067,-0.007506044992906968,0.05976333541505979,5.7636936935111244e-05,0.0782419721785904
2133645964.7196789,-0.005961335785143351,0.046890566527241606,1.9101661633573764e-05,0.062399379202749176
2133645964.7590847,-0.0032672472317010204,0.011843914938686306,4.531739681493255e-06,0.04655485716585749
2133645964.8002958,-0.0018677328130463078,-0.005867860181480222,5.841234152579389e-07,0.030712470275553988
2133645964.839825,-0.0029396745909158195,-0.009758254381045273,1.670349051010744e-08,0.0148664104061654
2133645964.879048,-0.002981141696906886,-0.009808197244250416,-2.0756441413393004e-15,-0.0009785928760059548
2133645964.9194436,-0.00019163058243854003,-0.052626740743342615,-5.190565903583433e-08,-0.01682556400658492
2133645964.9595723,0.000634229511591422,-0.07748862114117033,-1.4855367101053575e-06,-0.03266869641706439
2133645964.9997962,0.0031508047728299182,-0.0756059497167979,-1.0585327190817782e-05,-0.04851663329127507
2133645965.03966,0.003217013393206458,-0.09223171789262863,-4.21360721522899e-05,-0.06435953659788061
2133645965.0789552,0.0029378161057607155,-0.10833819442858478,-0.00012156169998980421,-0.08020733840012247
2133645965.119174,0.0012839380541538326,-0.14401920830444914,-0.0002857223753293162,-0.09605516339567938
2133645965.1589828,0.0012839380541538326,-0.14401920830444914,-0.000582896119413388,-0.1118931554330638
2133645965.1992495,-0.0033841803978780227,-0.17423475934982197,-0.0010733460340141237,-0.12772863741322618
2133645965.239228,-0.0057411964310598584,-0.18607653927022882,-0.0018294646386723427,-0.14355257141901856
2133645965.2790372,-0.0057411964310598584,-0.18607653927022882,-0.0029379388449302423,-0.1593602406070698
2133645965.319175,-0.009630848898746658,-0.19990057185744176,-0.004501697900504545,-0.17513264647541923
2133645965.3600068,-0.012207642659494922,-0.22230789022332864,-0.0066429952703992694,-0.19083512424732643
2133645965.3992825,-0.019490421947915726,-0.23711968446179654,-0.009506059120687417,-0.2064167140492977
2133645965.4393172,-0.02286809033052295,-0.24304293656570397,-0.013258006415499261,-0.2218120908855863
2133645965.4792352,-0.02660286162851777,-0.25837008945563844,-0.018076381591855383,-0.23690464903334885
2133645965.519919,-0.03123830595476751,-0.2640325788018262,-0.024138731814499097,-0.251542458455697
2133645965.5598419,-0.03123830595476751,-0.2640325788018262,-0.031589972032454935,-0.26552133350763485
2133645965.5997527,-0.04518402919768311,-0.2794394173433,-0.040510523412336415,-0.27861412039855243
2133645965.639412,-0.0610925869777893,-0.30634397930865287,-0.0508752381419855,-0.29059489803039623
2133645965.6796315,-0.079554668152378,-0.3192380201666496,-0.06255341529254596,-0.30130089126074755
2133645965.719787,-0.08626108910609986,-0.3233022485100656,-0.07533926261931449,-0.3106660398765824
2133645965.7592022,-0.08160822661952011,-0.3247267286261957,-0.08898729827802437,-0.31871406031008304
2133645965.799971,-0.10758588541567504,-0.33832131388595105,-0.10328772240839662,-0.32555290184295976
2133645965.8390796,-0.13016870814003156,-0.3465961690427553,-0.11805517998949397,-0.3313184181251856
2133645965.879289,-0.1286004586492046,-0.3525820023084494,-0.1331389427666304,-0.3361547744481294
2133645965.9193392,-0.15666445853546818,-0.3599281676823522,-0.14845593939653118,-0.3402084234199502
2133645965.958891,-0.17341660367705092,-0.3636466618558575,-0.16394299237968324,-0.34360454557785064
2133645965.9995353,-0.17793812213042293,-0.3674859462562947,-0.17953530396165762,-0.3464455169109517
2133645966.0390756,-0.1781247499507584,-0.36760399042103825,-0.19521405896534724,-0.3488230470703328
2133645966.0792947,-0.22104873818843296,-0.37293517911710594,-0.21092950029670793,-0.3508077560135463
2133645966.1194313,-0.24769872412218347,-0.37493762075195086,-0.2266910795884024,-0.35246519750011623
2133645966.1588793,-0.25047233917227973,-0.37858538001338626,-0.2424870954039617,-0.35384672747411694
2133645966.1993814,-0.25986801858675035,-0.37883498322038006,-0.2582969357752842,-0.3549947637555697
2133645966.2390232,-0.2782723464233679,-0.3793621967190405,-0.27410947719708534,-0.3559459655221289
2133645966.2793725,-0.3252611035480395,-0.38454087915322177,-0.28994759527102537,-0.35673293682352697
2133645966.3191736,-0.3252611035480395,-0.38454087915322177,-0.30579370141565804,-0.3573810528055072
2133645966.3595257,-0.3620625865302865,-0.38390162956448415,-0.3216337377490166,-0.35791232759327507
2133645966.3992083,-0.3836460686145576,-0.38353575160145115,-0.3374851468839184,-0.35834644444118313
2133645966.4393027,-0.3836460686145576,-0.38353575160145115,-0.35334288894955157,-0.3586993435487535
2133645966.4791894,-0.40143243719711963,-0.3826055996787317,-0.3692044930755195,-0.35898465557483683
2133645966.5197768,-0.4321369786052349,-0.3848967875606506,-0.38506990399661695,-0.3592139787466623
2133645966.5598783,-0.45060545591023876,-0.3836595466980305,-0.40094141246077214,-0.35939713544191454
2133645966.5997353,-0.4586743406078864,-0.3831175009607032,-0.4167894758988499,-0.35954212947375885
2133645966.6401932,-0.4861091277556868,-0.37812123927746166,-0.432652876387145,-0.3596562934696246
2133645966.6794152,-0.5023841742257238,-0.37607502814721194,-0.44850445313268883,-0.35974523260119917
2133645966.7194808,-0.5248516604292808,-0.3740774478840337,-0.4643525504355732,-0.3598138743184257
2133645966.7604637,-0.5248516604292808,-0.3740774478840337,-0.4802082207883696,-0.35986628569736484
2133645966.800164,-0.5663761534564998,-0.36788408299790093,-0.4960854335988172,-0.35990580914374865
2133645966.839069,-0.5795539470259271,-0.36618859751721056,-0.5119593883140633,-0.3599351136741957
2133645966.879249,-0.5795539470259271,-0.36618859751721056,-0.5278031675050211,-0.35995642898825636
2133645966.9192371,-0.5818707418981275,-0.36829997768324446,-0.5436771064166422,-0.3599716682103121
2133645966.9593701,-0.5997958500709332,-0.3648252965365169,-0.5595586084686568,-0.35998227055288345
2133645966.9995904,-0.6154839062268849,-0.3610580472850609,-0.5754232990363285,-0.3599894104740917
2133645967.0389369,-0.621139435905962,-0.3575302124641889,-0.5912940389351584,-0.3599940424834905
2133645967.0793927,-0.6296460824863008,-0.3549094132583719,-0.6071474401995957,-0.359996897201376
2133645967.119174,-0.6390925680223556,-0.3508608460719473,-0.6230105105199756,-0.35999854669158854
2133645967.1598105,-0.6616639242483192,-0.3381446596885746,-0.6388613672550847,-0.3599994147237617
2133645967.1991935,-0.6616639242483192,-0.3381446596885746,-0.6547317346399748,-0.3599998141177225
2133645967.2396383,-0.6775506899316805,-0.32642881769657384,-0.6706017222160565,-0.35999996117942995
2133645967.2794564,-0.6793264449647349,-0.3239788772392631,-0.6864503075387786,-0.3599999968705538
2133645967.3195443,-0.6839019127327965,-0.3194200734000613,-0.7023149246084237,-0.3599999999986894
2133645967.359606,-0.6927529044497246,-0.3077720470927462,-0.705,-0.36
2133645967.3994925,-0.7002577784397981,-0.29482658445838494,-0.7049999999989197,-0.34415376773374595
2133645967.4398797,-0.6996519164795121,-0.2973936092818991,-0.7049999999614783,-0.32826549788107373
2133645967.4799292,-0.7033367215206272,-0.2869874768620328,-0.7049999996746656,-0.31238849362502746
2133645967.5189714,-0.7062459805261501,-0.2756989700503544,-0.7049999984726175,-0.2965267076649556
2133645967.5592055,-0.7188604362720801,-0.2544665246616137,-0.7049999947785194,-0.2806447256176456
2133645967.5991848,-0.7188604362720801,-0.2544665246616137,-0.7049999854271451,-0.264803538249447
2133645967.6394074,-0.722245771807084,-0.2272546803790952,-0.7049999644636513,-0.24893927942887567
2133645967.678964,-0.7172719258066311,-0.2171283546709461,-0.7049999215106973,-0.233082700755593
2133645967.719095,-0.7172719258066311,-0.2171283546709461,-0.7049998390286213,-0.21722983338494964
2133645967.759006,-0.7176706114893017,-0.2018140960341233,-0.7049996882954644,-0.2013846223132485
2133645967.799557,-0.7184485922109236,-0.17706428516165812,-0.7049994226911621,-0.18552513579898974
2133645967.839268,-0.7181750728188729,-0.1581376068354079,-0.7049989689928643,-0.16967141688677356
2133645967.8791249,-0.7180053683573465,-0.14953053501407304,-0.7049982120744623,-0.1538168421928726
2133645967.9192686,-0.7205520986635188,-0.12493481461152783,-0.7049969735909131,-0.13796103194284995
2133645967.959401,-0.7200615538928062,-0.10577556502057356,-0.704994980111338,-0.1221064457116208
2133645967.9998157,-0.7200615538928062,-0.10577556502057356,-0.7049918164282584,-0.10625472527909957
2133645968.0390131,-0.7233159009758632,-0.07679572012454416,-0.704986857707614,-0.0904029452006016
2133645968.0793169,-0.7230167961108924,-0.05050943416331333,-0.7049791839589679,-0.07456061276340721
2133645968.119589,-0.7230167961108924,-0.05050943416331333,-0.7049674314675972,-0.058701626718102286
2133645968.1592557,-0.722084208189343,-0.014737556855600631,-0.7049497025670208,-0.04286019723304976
2133645968.1997128,-0.7239324522792092,-0.0005688454021305356,-0.7049232848199655,-0.027006765244347676
2133645968.239325,-0.7239324522792092,-0.0005688454021305356,-0.7048845706079336,-0.011161337313380657
2133645968.2791553,-0.7229866585069621,0.017198998678193855,-0.7048287700390434,0.004678700887765753
2133645968.3200004,-0.7157014289519412,0.03702052489462948,-0.7047496448865871,0.020527801164461484
2133645968.3600118,-0.7136513528813029,0.05968366803421754,-0.704639460351084,0.0363724527162047
2133645968.3990312,-0.7136513528813029,0.05968366803421754,-0.7044884343252781,0.05222414914345238
2133645968.4397871,-0.7128021108450654,0.09783492718243392,-0.7042847678028201,0.06806669254631324
2133645968.4795246,-0.7128021108450654,0.09783492718243392,-0.7040136157514028,0.08391024742503898
2133645968.519745,-0.7110313479467661,0.1149511932084577,-0.7036569069037827,0.09974751973987517
2133645968.5595446,-0.7020768270396531,0.14580120473092173,-0.7031919967799616,0.11558471584216382
2133645968.6000776,-0.6990879770344426,0.16461332184708466,-0.702591324386554,0.13141721379872523
2133645968.6393006,-0.6976391609029768,0.17284225278171939,-0.7018213055686943,0.14724229271069933
2133645968.6808121,-0.6944305828391425,0.18903849324471322,-0.7008412204919118,0.1630565397944497
2133645968.7192748,-0.6895335651914916,0.20963231455927023,-0.6996017623386318,0.17885292544253567
2133645968.7592976,-0.6895335651914916,0.20963231455927023,-0.6980431919976484,0.19461737575864937
2133645968.7997208,-0.6826939801169485,0.2313666029688478,-0.6960900445983544,0.2103464600846858
2133645968.839249,-0.6832626214980658,0.24210870017676922,-0.693650904047675,0.2260063329656959
2133645968.8791838,-0.666205428945053,0.2812333711614521,-0.6906097756228543,0.24155821060594523
2133645968.9190753,-0.6625700977654811,0.2872760282975826,-0.6868185439500498,0.2569450546897581
2133645968.9590328,-0.6640629469088271,0.2835639982430638,-0.6820911621669045,0.27206761540182256
2133645968.9992585,-0.6570507499839848,0.2926668090713779,-0.6761968476140696,0.28677206723680004
2133645969.0393198,-0.6435796453206537,0.3072670643413772,-0.6688674202192367,0.3008217046646441
2133645969.07932,-0.6295093812300069,0.3203937290320461,-0.6598571536154035,0.3138523705013908
2133645969.1192722,-0.6125451933938895,0.33409028078686553,-0.6490348116485589,0.3254256725317064
2133645969.1593056,-0.6007661557161776,0.3414860616575337,-0.6365117673513482,0.33513088818634884
2133645969.1998203,-0.5993733428847825,0.3476867675981411,-0.6226361289246446,0.34277998605250576
2133645969.2391999,-0.5993456803969701,0.3484841138035274,-0.6078532015653672,0.3484786265151859
2133645969.2795284,-0.5696909855831017,0.36317192833522005,-0.5925373447410418,0.3525374654359542
2133645969.3189576,-0.5486820525892795,0.3692942599156166,-0.5769393303642416,0.3553253835131868
2133645969.3597548,-0.5490527816274405,0.36645980504872677,-0.5612056401304407,0.3571799179217545
2133645969.3989,-0.5340372833392111,0.3696155739969744,-0.5454073297985663,0.35837538345720554
2133645969.4398463,-0.5108324741756427,0.3729091983852436,-0.5295840168638807,0.35911778517173226
2133645969.479742,-0.500726751387818,0.37800439926401175,-0.5137499587030343,0.3595566810937634
2133645969.51904,-0.4730264707490919,0.3797786999475836,-0.49790856874741013,0.3597992704947588
2133645969.5597045,-0.45638495172839033,0.38057569228858423,-0.4820651406096933,0.35992134721300606
2133645969.5998557,-0.4503102818789342,0.3847791214415863,-0.4662222079366499,0.3599750664387844
2133645969.640038,-0.43751776197151726,0.3850268873790055,-0.4503814710076345,0.35999436506420046
2133645969.6791341,-0.4121176444821947,0.38466840534002633,-0.43453747424591355,0.35999931999068896
2133645969.719709,-0.3290537933906346,0.39097545485082874,-0.41869497014228196,0.35999998321189347
2133645969.7598152,-0.32051645694686814,0.3905803198805021,-0.4028474037432572,0.35999999999993226
2133645969.7999537,-0.30337422260889996,0.3897080085363036,-0.38700370072583085,0.35999997163598196
2133645969.8394763,-0.28687207498182576,0.38832249055711543,-0.3711613256528291,0.3599992776188491
2133645969.8794196,-0.3377730233279929,0.38907468613950114,-0.35531331034231767,0.35999507524094526
2133645969.9196427,-0.31704279963934334,0.3864884162662766,-0.33947200000133726,0.3599808626170081
2133645969.9603992,-0.2969230036164362,0.38297882522592386,-0.32363126174521933,0.35994563276340374
2133645969.9994886,-0.26953243889722944,0.3826618683434464,-0.3077837952379837,0.35987350682397345
2133645970.0394957,-0.2624662554970676,0.38114641888711565,-0.2919388158321764,0.3597437880514919
2133645970.0791743,-0.240527790938231,0.3761403079372031,-0.2760935408424931,0.35953086735178547
2133645970.119352,-0.24421555367048042,0.37555341865326475,-0.26024885037778706,0.35920409622626026
2133645970.1593246,-0.21557063495920192,0.368137809218092,-0.24440779115941016,0.3587272812007734
2133645970.199308,-0.20831470494824378,0.36593154198853783,-0.22857474454363275,0.35805762657924717
2133645970.2388716,-0.1914374303955918,0.3650401376190652,-0.21275561049410457,0.3571440068996318
2133645970.2792218,-0.17260856042595363,0.35879514576587923,-0.19695773170685413,0.35592532197846
2133645970.3193376,-0.15122689653612748,0.3506108987718576,-0.18118913617601956,0.3543292087378474
2133645970.3592083,-0.12683790636658776,0.3398170064525676,-0.16547961526591098,0.3522726509506367
2133645970.3997607,-0.12002879912753117,0.3364395670090935,-0.1498531360203637,0.3496565316851554
2133645970.4398425,-0.10698968956356114,0.3293481982519416,-0.1343522420574768,0.3463645106385753
2133645970.479856,-0.08855983044580795,0.31784413724211247,-0.11905183720707564,0.3422633743769903
2133645970.5195475,-0.10034021830219442,0.3273863099879437,-0.10403556358611067,0.33719412880397637
2133645970.5592513,-0.08110951503958352,0.31123028063852554,-0.0894522690423459,0.330989244020847
2133645970.5988717,-0.08110951503958352,0.31123028063852554,-0.07549753493701404,0.3234821166759005
2133645970.6394646,-0.0625360907363538,0.29645555246471567,-0.06241675027386449,0.31453925606614974
2133645970.6796257,-0.05160263339115523,0.28383360046589656,-0.05048479033971025,0.3041103036183656
2133645970.7194011,-0.039020717602658905,0.26675528382928704,-0.039948263600872426,0.29227291381151554
2133645970.7594178,-0.03116418388713016,0.2612498860683672,-0.030955181565609315,0.27923009461013704
2133645970.7994473,-0.024400653067551015,0.24809834793015462,-0.02351271644826865,0.2652408472608818
2133645970.839116,-0.015380258712659467,0.22768051008451862,-0.017520287357843795,0.25057686481612723
2133645970.8792925,-0.012208840075632055,0.221880582369953,-0.012802055005712337,0.2354536626287708
2133645970.9192436,-0.0044091501175846926,0.19443827658608714,-0.00916042739078626,0.22003188764307194
2133645970.95887,-0.0044091501175846926,0.19443827658608714,-0.006404394341987331,0.20442874647253734
2133645970.999432,0.0024458276050127736,0.173072975632228,-0.004359518869867224,0.1887134734696219
2133645971.0392761,0.005342081013834932,0.14932996499905027,-0.002876142656593761,0.17294232978548818
2133645971.079193,0.007271176799130252,0.1252715752755338,-0.001825806520950997,0.15713333299493548
2133645971.1198068,0.007506949939649621,0.1169312874348587,-0.001104242150959688,0.14130212964682998
2133645971.1594572,0.010427584581422122,0.1033804118769629,-0.0006279485889889234,0.12546271287122193
2133645971.1994946,0.010011590569259154,0.07858492148959406,-0.0003296904563939653,0.10962044782020731
2133645971.239889,0.010011590569259154,0.07858492148959406,-0.00015562000381488063,0.09377325897626482
2133645971.279064,0.011267786416596093,0.047766372653463396,-6.34386124519194e-05,0.07792867372571041
2133645971.3195493,0.011267786416596093,0.047766372653463396,-2.087729748952476e-05,0.062085899364528865
2133645971.3595884,0.009867974065355,0.031208358480599552,-4.886301757968644e-06,0.04624408831076501
2133645971.400076,0.008418020192069942,0.00442383752269826,-6.094839970274065e-07,0.030402725747078616
2133645971.4400055,0.0050558673978902124,-0.03002742438713174,-1.5473228429118623e-08,0.014555335789497434
2133645971.4798684,0.002161399036681,-0.055474803666175965,8.178859801739632e-14,-0.0012908483575424091
2133645971.5198486,0.005302805493525131,-0.04695667385526836,3.356879411687973e-08,-0.01713414532231236
2133645971.5594273,0.004094657027481019,-0.06289476572121183,8.777858868084704e-07,-0.03298043199872609
2133645971.5994911,0.003520632176053362,-0.07114981545884747,6.138239771671783e-06,-0.048821055119619525
2133645971.639213,-0.0015710335518174245,-0.12614380450051155,2.449912004946813e-05,-0.0646686504176204
2133645971.679455,-0.0022586082479205682,-0.14989026062632727,7.143510512588481e-05,-0.0805129717687404
2133645971.718923,-0.0015715286551797325,-0.1807172814954623,0.00017049278628648837,-0.09636043428730479
2133645971.7593355,0.00025842310968759996,-0.14846319113901402,0.0003540673803362652,-0.11220041966316661
2133645971.7996414,0.00035515538651431644,-0.14680486250091712,0.0006645828589165272,-0.12803980420441194
2133645971.8395646,0.003568581750507671,-0.18162781940510514,0.001155752531500481,-0.1438781910812141
2133645971.8796315,0.0078842716807217,-0.2001171673124822,0.0018945086007588828,-0.15970754036426416
2133645971.9198825,0.005169917773518273,-0.19991740488040383,0.0029646069383870376,-0.17551972912804895
2133645971.9593325,0.009055999646082391,-0.2124859272839894,0.004470211646001061,-0.1912957188879057
2133645971.9994965,0.009055999646082391,-0.2124859272839894,0.006537810229334947,-0.20700509379243934
2133645972.0392723,0.019810455876599353,-0.2325307916338688,0.009318223140171625,-0.22260519016603328
2133645972.0789216,0.031185662201591913,-0.2513932141879762,0.012985720510927046,-0.2380214885840479
2133645972.1191645,0.031185662201591913,-0.2513932141879762,0.017734081042532046,-0.25313842479674153
2133645972.1589627,0.037524163440906366,-0.2701348911911948,0.0237628545352704,-0.2677870672785702
2133645972.1994047,0.04509393757401292,-0.2797586900979229,0.03125447606593784,-0.2817503050203929
2133645972.2391527,0.06030147310972933,-0.29521431768827333,0.04031457557101147,-0.2947476992512971
2133645972.279879,0.07114919077864301,-0.3052774055882912,0.050935470528630275,-0.306508681207615
2133645972.3190794,0.10846836310863228,-0.3500062315536249,0.062965092644512,-0.3168261399316
2133645972.3599586,0.12055536821911417,-0.35916799883121175,0.0761418169368277,-0.32562081797725917
2133645972.3995059,0.12055536821911417,-0.35916799883121175,0.09018727323214769,-0.332954576481117
2133645972.439109,0.10328855087279698,-0.3358270966369913,0.10484563218415026,-0.3389676269853944
2133645972.478974,0.1284521238743207,-0.34509135826427206,0.11992758167352491,-0.343838591663749
2133645972.5197663,0.1284521238743207,-0.34509135826427206,0.13528346700110058,-0.34774117628926765
2133645972.5596206,0.1492736776932072,-0.35812410052864413,0.15081878224497863,-0.3508372896032905
2133645972.5990045,0.1577741480078595,-0.35971493166650087,0.16647658627674233,-0.35326806223007795
2133645972.6390376,0.18183542042391565,-0.36384208539916746,0.18221400958111553,-0.35515222062999197
2133645972.6794205,0.22741048320533064,-0.37122383766405115,0.1979970285796481,-0.35659024689264507
2133645972.7191346,0.22749437363953695,-0.37124162988349396,0.21380680407802571,-0.35766832069729654
2133645972.7591465,0.24544122367851662,-0.37345270423683274,0.22962812856699236,-0.35845939509411734
2133645972.7993324,0.2538950234043419,-0.3696162994447554,0.24545929897878574,-0.35902495193086215
2133645972.8393342,0.2538950234043419,-0.3696162994447554,0.26130243529510877,-0.3594156338946598
2133645972.8786821,0.2934228892466201,-0.3722886042700624,0.27714397585759637,-0.35967324647815135
2133645972.9193685,0.3288926552256002,-0.3732155342651907,0.2929835680362489,-0.35983313736700545
2133645972.9592881,0.3157356798010523,-0.3723600111935099,0.30882500559889037,-0.3599246184571939
2133645972.9992826,0.3335769123281971,-0.3724307507069756,0.32466843522474614,-0.35997135648248213
2133645973.0393472,0.3517331572588406,-0.3725633182106409,0.34051181523544305,-0.35999161827425497
2133645973.0795848,0.3909240091347741,-0.37096020186223244,0.35635962991127007,-0.35999842174603497
2133645973.1205547,0.40857502238300114,-0.3706734714246207,0.37220435177068445,-0.3599998801211497
2133645973.1593862,0.4263944093405201,-0.37020198240138913,0.3880481104371272,-0.35999999961839474
2133645973.1990216,0.4415312757041242,-0.37160795815400394,0.4038882249642744,-0.35999999912944475
2133645973.2392235,0.4585589269467729,-0.37075053966135674,0.41973456610733106,-0.35999983279096187
2133645973.2795727,0.4585589269467729,-0.37075053966135674,0.4355801878485843,-0.35999793063598634
2133645973.3194575,0.48143461250058583,-0.36719200444024325,0.451423341632596,-0.3599889979263845
2133645973.359281,0.5125449310287522,-0.3629742285998885,0.46726589585076306,-0.3599614640140704
2133645973.3983715,0.5125449310287522,-0.3629742285998885,0.48311223568803036,-0.35989476563090744
2133645973.4385197,0.5881987489744291,-0.34818897458405434,0.4989524173942221,-0.3597564291164692
2133645973.4785104,0.597432550092706,-0.3464128926111259,0.5147925373381798,-0.3594982277175367
2133645973.5184326,0.6181897166944228,-0.3406412688481668,0.5306286234204849,-0.359051317903425
2133645973.5586338,0.6181897166944228,-0.3406412688481668,0.5464584235832994,-0.3583187365338027
2133645973.5983853,0.5896806781564506,-0.3487040600009279,0.5622596853115883,-0.35716537735596526
2133645973.6386354,0.627497263061837,-0.33164908295207485,0.5780045238883169,-0.35540341667508424
2133645973.6785321,0.627497263061837,-0.33164908295207485,0.593628250676385,-0.3527824312899885
2133645973.7183764,0.6309710857549179,-0.33046167129670556,0.6090084036347475,-0.34898366915507406
2133645973.7585227,0.6411269891526321,-0.3210034370182976,0.6239190720490733,-0.343635088399108
2133645973.7985668,0.6522475828287753,-0.3085107831435841,0.6380029966901264,-0.3363730583211601
2133645973.8385344,0.6594840971059894,-0.3052992108862657,0.6507714638311514,-0.3269960581559492
2133645973.87824,0.6661460681868199,-0.29492282611625315,0.6617827405073693,-0.31560189149357837
2133645973.9182253,0.6721163625920096,-0.28355293417150285,0.6708284352671923,-0.302591915269724
2133645973.958226,0.6855869946981472,-0.28117627781904997,0.6780069433731825,-0.2884657149575376
2133645973.9983308,0.6931046771172319,-0.2655211565962737,0.6835932433216305,-0.2736389131211879
2133645974.0384612,0.7003239679236842,-0.24548490029981307,0.6878962285745996,-0.25838695327065236
2133645974.0795336,0.7017893976123147,-0.2391732147570942,0.6911857150521953,-0.2428859167144302
2133645974.1190927,0.7038288705729449,-0.22943611504429057,0.6936808390648708,-0.22724143897773103
2133645974.159504,0.7083462178036539,-0.20606991081763032,0.6955554251599053,-0.21150863895226055
2133645974.201926,0.7106215136139127,-0.18987680505786392,0.6969453545738592,-0.19572329303865738
2133645974.2399545,0.7284294874562298,-0.12789340674622107,0.6979582615540842,-0.17991422699860155
2133645974.27938,0.7295510460379974,-0.11050513883546453,0.6986816131213267,-0.1640843562510752
2133645974.3193028,0.7295510460379974,-0.11050513883546453,0.699184629805104,-0.14825003023248365
